"","acceptedNameUsage","acceptedScientificName","acceptedTaxonKey","accessRights","adm1","adm2","associatedReferences","basisOfRecord","bibliographicCitation","catalogNumber","cloc","collectionCode","collectionID","collectionKey","continent","coordinateUncertaintyInMeters","country","crawlId","datasetID","datasetKey","datasetName","dateIdentified","day","depth","depthAccuracy","disposition","dynamicProperties","elevation","elevationAccuracy","endDayOfYear","establishmentMeans","eventDate","eventTime","family","familyKey","fieldNumber","fullCountry","gbifID","gbifRegion","genericName","genus","genusKey","geodeticDatum","georeferenceSources","habitat","higherClassification","higherGeography","hostingOrganizationKey","http://unknown.org/captive","http://unknown.org/nick","identificationID","identifiedBy","identifier","individualCount","installationKey","institutionCode","institutionID","institutionKey","isInCluster","ISO2","isSequenced","iucnRedListCategory","key","kingdom","kingdomKey","language","lastCrawled","lastInterpreted","lastParsed","lat","license","locality","locationID","locationRemarks","lon","modified","month","nameAccordingTo","namePublishedInYear","nomenclaturalCode","occurrenceID","occurrenceRemarks","occurrenceStatus","order","orderKey","ownerInstitutionCode","parentNameUsage","phylum","phylumKey","pointRadiusSpatialFit","preparations","previousIdentifications","projectId","protocol","publishedByGbifRegion","publishingCountry","publishingOrgKey","recordedBy","references","rightsHolder","scientificName","scientificNameID","sex","species","speciesKey","specificEpithet","startDayOfYear","taxonID","taxonKey","taxonomicStatus","taxonRank","taxonRemarks","type","typeStatus","verbatimCoordinateSystem","verbatimElevation","verbatimEventDate","verbatimLocality","vernacularName","waterBody","year","downloadDate"
"1",NA,"Xiphophorus malinche Rauchenberger, Kallman & Morizot, 1990",2350179,NA,"Hidalgo",NA,NA,"HUMAN_OBSERVATION",NA,"165642601","Hidalgo, Mexico, NORTH_AMERICA","Observations",NA,NA,"NORTH_AMERICA",15,"Mexico",482,NA,"50c9509d-22c7-4a22-a47d-8c48425ef4a7","iNaturalist research-grade observations","2023-06-05T01:49:03",26,NA,NA,NA,NA,NA,NA,146,NA,"2023-05-26",NA,"Poeciliidae",7659,NA,"Mexico","4130028137","LATIN_AMERICA","Xiphophorus","Xiphophorus",2350152,"WGS84",NA,NA,NA,NA,"28eb1a3f-1c15-4a95-931a-4af90ecb574d","wild","alerosa","371123683","alerosa","165642601",NA,"997448a8-f762-11e1-a439-00145eb45e9a","iNaturalist",NA,NA,FALSE,"MX",FALSE,"DD",4130028137,"Animalia",1,NA,"2024-08-28T11:44:48.200+00:00","2024-08-29T05:22:07.406+00:00","2024-08-29T05:22:07.406+00:00",20.924506,"http://creativecommons.org/licenses/by-nc/4.0/legalcode",NA,NA,NA,-98.577487,"2023-06-05T02:33:43.000+00:00",5,NA,NA,NA,"https://www.inaturalist.org/observations/165642601",NA,"PRESENT","Cyprinodontiformes",547,NA,NA,"Chordata",44,NA,NA,NA,NA,"DWC_ARCHIVE","NORTH_AMERICA","US","28eb1a3f-1c15-4a95-931a-4af90ecb574d","alerosa","https://www.inaturalist.org/observations/165642601","alerosa","Xiphophorus malinche Rauchenberger, Kallman & Morizot, 1990",NA,NA,"Xiphophorus malinche",2350179,"malinche",146,"317464",2350179,"ACCEPTED","SPECIES",NA,NA,NA,NA,NA,"2023/05/26","Calnali, Hgo., Messico",NA,NA,2023,2024-08-29
"2",NA,"Xiphophorus malinche Rauchenberger, Kallman & Morizot, 1990",2350179,NA,"Hidalgo",NA,NA,"HUMAN_OBSERVATION",NA,"136101094","Hidalgo, Mexico, NORTH_AMERICA","Observations",NA,NA,"NORTH_AMERICA",4,"Mexico",482,NA,"50c9509d-22c7-4a22-a47d-8c48425ef4a7","iNaturalist research-grade observations","2022-09-22T23:30:40",22,NA,NA,NA,NA,NA,NA,265,NA,"2022-09-22T12:41:11","12:41:11-05:00","Poeciliidae",7659,NA,"Mexico","3915334232","LATIN_AMERICA","Xiphophorus","Xiphophorus",2350152,"WGS84",NA,NA,NA,NA,"28eb1a3f-1c15-4a95-931a-4af90ecb574d","wild","ken_a_thompson","299821049","Ken A. Thompson","136101094",NA,"997448a8-f762-11e1-a439-00145eb45e9a","iNaturalist",NA,NA,FALSE,"MX",FALSE,"DD",3915334232,"Animalia",1,NA,"2024-08-28T11:44:48.200+00:00","2024-08-29T06:10:08.898+00:00","2024-08-29T06:10:08.898+00:00",20.924888,"http://creativecommons.org/licenses/by-nc/4.0/legalcode",NA,NA,NA,-98.577548,"2022-09-23T21:19:25.000+00:00",9,NA,NA,NA,"https://www.inaturalist.org/observations/136101094",NA,"PRESENT","Cyprinodontiformes",547,NA,NA,"Chordata",44,NA,NA,NA,NA,"DWC_ARCHIVE","NORTH_AMERICA","CA","28eb1a3f-1c15-4a95-931a-4af90ecb574d","Ken A. Thompson","https://www.inaturalist.org/observations/136101094","Ken A. Thompson","Xiphophorus malinche Rauchenberger, Kallman & Morizot, 1990",NA,NA,"Xiphophorus malinche",2350179,"malinche",265,"317464",2350179,"ACCEPTED","SPECIES",NA,NA,NA,NA,NA,"2022-09-22 12:41:11-05:00","Calnali, MX-HI, MX",NA,NA,2022,2024-08-29
"3","Xiphophorus malinche","Xiphophorus malinche Rauchenberger, Kallman & Morizot, 1990",2350179,NA,"Hidalgo","CALNALI","Miller, R. R., W. L. Minckley & S. M. Norris. 2005. Freshwater Fishes of Mexico. The University of Chicago Press. Chicago. 490 pp.","PRESERVED_SPECIMEN","Soto-Galera, E., L. Alcántara-Soria & J. Paulo-Maya. 2018. Estado actual, identificación de riesgos y propuestas para el manejo de las especies invasoras presentes en las regiones hidrológicas prioritarias, Confluencia de las Huastecas, Media Luna y Cabecera del río de La Laja. Escuela Nacional de Ciencias Biológicas. Instituto Politécnico Nacional. Base de datos SNIB-CONABIO, Proyecto No. LI038, HA026, FM027, FM017, W040, Y026, T027, S115, L051 y P006. Ciudad de México","P5923","Arroyo 2.48 km al Oeste de Calnali, Hidalgo, CALNALI, Mexico, NORTH_AMERICA","ENCB-IPN-P","37",NA,"NORTH_AMERICA",80,"Mexico",161,"5417790df262a41845ea89fe27cdb4c0","ec79bfca-83fc-4f89-baad-9a76d320953b","Estado actual, identificación de riesgos y propuestas para el manejo de las especies invasoras presentes en las regiones hidrológicas prioritarias, confluencia de las Huastecas, Media Luna y Cabecera del río de La Laja",NA,1,0,0,NA,"TipoVegetacion / Otras comunidades leñosas Otros Datos Ejemplar / Capturista: eduardo Otros Datos Ejemplar / FechaCapturaEjemplar: 05/09/2011 02:06:37 p. m.",505,505,122,NA,"2008-05-01",NA,"Poeciliidae",7659,"NO DISPONIBLE","Mexico","2629254977","LATIN_AMERICA","Xiphophorus","Xiphophorus",2350152,"WGS84","Geoposicionador, Magellan Meridian Platinum, 10","Arroyo","Animalia; Chordata; Osteichthyes; Cyprinodontiformes; Poeciliidae; Xiphophorus",NA,"ff90b050-c256-11db-b71b-b8a03c50a862",NA,NA,"15445","Soto-Galera, E.","9127e7d647d48d575bd13aeb4faa8409",16,"e081c7d7-2dab-42fd-94c4-9f275767fe7d","ENCB-IPN","17","e89b5741-a9de-46c8-9acf-01e785bc36ab",FALSE,"MX",FALSE,"DD",2629254977,"Animalia",1,"es","2023-08-31T06:54:40.190+00:00","2024-01-25T01:47:48.820+00:00","2024-01-25T01:47:48.820+00:00",20.892717,"http://creativecommons.org/licenses/by/4.0/legalcode","Arroyo 2.48 km al Oeste de Calnali","3494",NA,-98.610036,"2021-03-19T00:00:00.000+00:00",5,"Fricke, Eschmeyer & van der Laan, 2020","0",NA,"9127e7d647d48d575bd13aeb4faa8409",NA,"PRESENT","Cyprinodontiformes",547,"Escuela Nacional de Ciencias Biológicas, Instituto Politécnico Nacional","Xiphophorus","Chordata",44,NA,"Formol al 10%",NA,"SNIB-LI038-LI0381806F_SIB2018.10.02-ND","EML","LATIN_AMERICA","MX","ff90b050-c256-11db-b71b-b8a03c50a862","Soto-Galera, E.; Paulo-Maya, J.; Romero-Castillo, J.",NA,"Comisión Nacional para el Conocimiento y Uso de la Biodiversidad (CONABIO)","Xiphophorus malinche Rauchenberger, Kallman & Morizot, 1990","161593",NA,"Xiphophorus malinche",2350179,"malinche",122,"606bb33dc6a53d80c6f2829fb846dfa6",2350179,"ACCEPTED","SPECIES",NA,"Event",NA,"grados minutos segundos",NA,NA,NA,"espada de Malinche, highland swordtail, livebearers",NA,2008,2024-08-29
"5","Xiphophorus malinche","Xiphophorus malinche Rauchenberger, Kallman & Morizot, 1990",2350179,NA,"Hidalgo","CALNALI","Álvarez-del Villar, J. 1970. Peces mexicanos (claves). Secretaría de Industria y Comercio, Dirección General de Pesca e Industrias Conexas, México, D.F. 165 pp. | Espinosa, P.H., Fuentes, P. M. & Gaspar, M. T. 1993. Publicaciones Especiales del Instituto de Biología. Listados Faunísticos de México. III. Peces dulceacuícolas mexicanos. Universidad Nacional Autónoma de México, México, 100 pp. | Miller, R. R., Minckley, W. L. & Norris, S. M. 2005. Freshwater fishes of Mexico. The University of Chicago Press, U.S.A. Chicago, IL. 652 pp.","PRESERVED_SPECIMEN","Díaz-Pardo E. 2009. Sistematización de la colección de peces del centro de México. Colección BUAQ-P. Facultad de Ciencias Naturales. Universidad Autónoma de Querétaro. Bases de datos SNIB-CONABIO, proyecto EC007. México, D. F.","UAQ-P-253","Puente Calnalí, Hidalgo, CALNALI, Mexico, NORTH_AMERICA","BUAQ-P","204",NA,"NORTH_AMERICA",80,"Mexico",290,"e40d743ad946e2d78ec2591c59268ac3","e8989ab2-94dc-4570-9783-c3ab92300872","Sistematización de la colección de peces del centro de México",NA,2,0,0,NA,"Otros Datos Ejemplar / Capturista: isaac Otros Datos Ejemplar / FechaCapturaEjemplar: 07/01/2008 10:50:46 a.m.",0,0,183,NA,"2007-07-02","00:00:00","Poeciliidae",7659,"NO DISPONIBLE","Mexico","1894766224","LATIN_AMERICA","Xiphophorus","Xiphophorus",2350152,"WGS84","Geoposicionador, Garmin etrex Legend., 5",NA,"Animalia; Chordata; Osteichthyes; Cyprinodontiformes; Poeciliidae; Xiphophorus",NA,"ff90b050-c256-11db-b71b-b8a03c50a862",NA,NA,"248","Díaz-Pardo E.","e7ba620ec36d9a954e9efd970de19f66",9,"e081c7d7-2dab-42fd-94c4-9f275767fe7d","FCN-UAQ","53",NA,FALSE,"MX",FALSE,"DD",1894766224,"Animalia",1,"es","2023-08-31T07:04:28.109+00:00","2024-01-25T01:35:56.130+00:00","2024-01-25T01:35:56.130+00:00",20.8925,"http://creativecommons.org/licenses/by/4.0/legalcode","Puente Calnalí","82",NA,-98.592833,"2021-03-19T00:00:00.000+00:00",7,"Fricke, Eschmeyer & van der Laan, 2020","0",NA,"e7ba620ec36d9a954e9efd970de19f66",NA,"PRESENT","Cyprinodontiformes",547,"Facultad de Ciencias Naturales, Universidad Autónoma de Querétaro","Xiphophorus","Chordata",44,NA,"Alcohol isopropílico 70%",NA,"SNIB-EC007-EC0070911F_Corregida-ND","EML","LATIN_AMERICA","MX","ff90b050-c256-11db-b71b-b8a03c50a862","Díaz-Pardo E.; Méndez J. F.; Urbano H.; Garduño; Benítez R. A.",NA,"Comisión Nacional para el Conocimiento y Uso de la Biodiversidad (CONABIO)","Xiphophorus malinche Rauchenberger, Kallman & Morizot, 1990","5020",NA,"Xiphophorus malinche",2350179,"malinche",183,"fe6e3c107e4bdaca3ebd36efbd3e7ae1",2350179,"ACCEPTED","SPECIES",NA,"Event",NA,"grados minutos segundos",NA,NA,NA,"espada de Malinche",NA,2007,2024-08-29
"9","Xiphophorus malinche","Xiphophorus malinche Rauchenberger, Kallman & Morizot, 1990",2350179,NA,"Hidalgo","TIANGUISTENGO","Álvarez-del Villar, J. 1970. Peces mexicanos (claves). Secretaría de Industria y Comercio, Dirección General de Pesca e Industrias Conexas, México, D.F. 165 pp. | Espinosa, P.H., Fuentes, P. M. & Gaspar, M. T. 1993. Publicaciones Especiales del Instituto de Biología. Listados Faunísticos de México. III. Peces dulceacuícolas mexicanos. Universidad Nacional Autónoma de México, México, 100 pp. | Miller, R. R., Minckley, W. L. & Norris, S. M. 2005. Freshwater fishes of Mexico. The University of Chicago Press, U.S.A. Chicago, IL. 652 pp.","PRESERVED_SPECIMEN","Díaz-Pardo E. 2009. Sistematización de la colección de peces del centro de México. Colección BUAQ-P. Facultad de Ciencias Naturales. Universidad Autónoma de Querétaro. Bases de datos SNIB-CONABIO, proyecto EC007. México, D. F.","UAQ-P-97","Arroyo Tenango en Xochicoatlán, Hidalgo, TIANGUISTENGO, Mexico, NORTH_AMERICA","BUAQ-P","204",NA,"NORTH_AMERICA",80,"Mexico",290,"e40d743ad946e2d78ec2591c59268ac3","e8989ab2-94dc-4570-9783-c3ab92300872","Sistematización de la colección de peces del centro de México",NA,23,0,0,NA,"Otros Datos Ejemplar / Capturista: julieta Otros Datos Ejemplar / FechaCapturaEjemplar: 13/11/2007 06:01:08 p.m.",0,0,114,NA,"2004-04-23","00:00:00","Poeciliidae",7659,"NO DISPONIBLE","Mexico","1894766192","LATIN_AMERICA","Xiphophorus","Xiphophorus",2350152,"WGS84","Geoposicionador, Garmin etrex Legend., 5",NA,"Animalia; Chordata; Osteichthyes; Cyprinodontiformes; Poeciliidae; Xiphophorus",NA,"ff90b050-c256-11db-b71b-b8a03c50a862",NA,NA,"48","Díaz-Pardo E.","7140b40467bb94cedf378976a30340da",14,"e081c7d7-2dab-42fd-94c4-9f275767fe7d","FCN-UAQ","53",NA,FALSE,"MX",FALSE,"DD",1894766192,"Animalia",1,"es","2023-08-31T07:04:28.109+00:00","2024-01-25T01:35:55.798+00:00","2024-01-25T01:35:55.798+00:00",20.752778,"http://creativecommons.org/licenses/by/4.0/legalcode","Arroyo Tenango en Xochicoatlán","80",NA,-98.650833,"2021-03-19T00:00:00.000+00:00",4,"Fricke, Eschmeyer & van der Laan, 2020","0",NA,"7140b40467bb94cedf378976a30340da",NA,"PRESENT","Cyprinodontiformes",547,"Facultad de Ciencias Naturales, Universidad Autónoma de Querétaro","Xiphophorus","Chordata",44,NA,"Alcohol isopropílico 70%",NA,"SNIB-EC007-EC0070911F_Corregida-ND","EML","LATIN_AMERICA","MX","ff90b050-c256-11db-b71b-b8a03c50a862","Díaz-Pardo E.; Mejía H.; Urbano H.; Rivas J. M.; Gutiérrez A.",NA,"Comisión Nacional para el Conocimiento y Uso de la Biodiversidad (CONABIO)","Xiphophorus malinche Rauchenberger, Kallman & Morizot, 1990","5020",NA,"Xiphophorus malinche",2350179,"malinche",114,"fe6e3c107e4bdaca3ebd36efbd3e7ae1",2350179,"ACCEPTED","SPECIES",NA,"Event",NA,"grados minutos segundos",NA,NA,NA,"espada de Malinche",NA,2004,2024-08-29
"11","Xiphophorus malinche","Xiphophorus malinche Rauchenberger, Kallman & Morizot, 1990",2350179,NA,"Hidalgo","CALNALI","Álvarez-del Villar, J. 1970. Peces mexicanos (claves). Secretaría de Industria y Comercio, Dirección General de Pesca e Industrias Conexas, México, D.F. 165 pp. | Miller, R. R., Minckley, W. L. & Norris, S. M. 2005. Freshwater fishes of Mexico. The University of Chicago Press, U.S.A. Chicago, IL. 652 pp. | Nelson, J. S. 2006. Fishes of the World. John Wiley & Sons, Inc. Fourth Edition. Hoboken, New Jersey. U.S.A. 601 pp.","PRESERVED_SPECIMEN","Díaz-Pardo E. 2009. Sistematización de la colección de peces del centro de México. Colección BUAQ-P. Facultad de Ciencias Naturales. Universidad Autónoma de Querétaro. Bases de datos SNIB-CONABIO, proyecto EC007. México, D. F.","UAQ-P-252","Puente Calnalí, Hidalgo, CALNALI, Mexico, NORTH_AMERICA","BUAQ-P","204",NA,"NORTH_AMERICA",80,"Mexico",290,"e40d743ad946e2d78ec2591c59268ac3","e8989ab2-94dc-4570-9783-c3ab92300872","Sistematización de la colección de peces del centro de México",NA,2,0,0,NA,"Otros Datos Ejemplar / Capturista: edmundo Otros Datos Ejemplar / FechaCapturaEjemplar: 21/08/2008 05:06:04 p.m.",0,0,184,NA,"2004-07-02","00:00:00","Poeciliidae",7659,"NO DISPONIBLE","Mexico","1894766198","LATIN_AMERICA","Xiphophorus","Xiphophorus",2350152,"WGS84","Geoposicionador, Garmin etrex Legend., 5",NA,"Animalia; Chordata; Osteichthyes; Cyprinodontiformes; Poeciliidae; Xiphophorus",NA,"ff90b050-c256-11db-b71b-b8a03c50a862",NA,NA,"1033","Díaz-Pardo E.","cfa467e881d17e08968b2b094c3f8fcb",25,"e081c7d7-2dab-42fd-94c4-9f275767fe7d","FCN-UAQ","53",NA,FALSE,"MX",FALSE,"DD",1894766198,"Animalia",1,"es","2023-08-31T07:04:28.109+00:00","2024-01-25T01:35:56.042+00:00","2024-01-25T01:35:56.042+00:00",20.873889,"http://creativecommons.org/licenses/by/4.0/legalcode","Puente Calnalí","82",NA,-98.582778,"2021-03-19T00:00:00.000+00:00",7,"Fricke, Eschmeyer & van der Laan, 2020","0",NA,"cfa467e881d17e08968b2b094c3f8fcb",NA,"PRESENT","Cyprinodontiformes",547,"Facultad de Ciencias Naturales, Universidad Autónoma de Querétaro","Xiphophorus","Chordata",44,NA,"Alcohol isopropílico 70%",NA,"SNIB-EC007-EC0070911F_Corregida-ND","EML","LATIN_AMERICA","MX","ff90b050-c256-11db-b71b-b8a03c50a862","Díaz-Pardo E.; Méndez J. F.; Urbano H.; Garduño; Benítez R. A.",NA,"Comisión Nacional para el Conocimiento y Uso de la Biodiversidad (CONABIO)","Xiphophorus malinche Rauchenberger, Kallman & Morizot, 1990","5020",NA,"Xiphophorus malinche",2350179,"malinche",184,"fe6e3c107e4bdaca3ebd36efbd3e7ae1",2350179,"ACCEPTED","SPECIES",NA,"Event",NA,"grados minutos segundos",NA,NA,NA,"espada de Malinche",NA,2004,2024-08-29
"12","Xiphophorus malinche","Xiphophorus malinche Rauchenberger, Kallman & Morizot, 1990",2350179,NA,"Hidalgo","ATLAPEXCO","Álvarez-del Villar, J. 1970. Peces mexicanos (claves). Secretaría de Industria y Comercio, Dirección General de Pesca e Industrias Conexas, México, D.F. 165 pp. | Espinosa, P.H., Fuentes, P. M. & Gaspar, M. T. 1993. Publicaciones Especiales del Instituto de Biología. Listados Faunísticos de México. III. Peces dulceacuícolas mexicanos. Universidad Nacional Autónoma de México, México, 100 pp. | Miller, R. R., Minckley, W. L. & Norris, S. M. 2005. Freshwater fishes of Mexico. The University of Chicago Press, U.S.A. Chicago, IL. 652 pp.","PRESERVED_SPECIMEN","Díaz-Pardo E. 2009. Sistematización de la colección de peces del centro de México. Colección BUAQ-P. Facultad de Ciencias Naturales. Universidad Autónoma de Querétaro. Bases de datos SNIB-CONABIO, proyecto EC007. México, D. F.","UAQ-P-92","Río Atlapexco, Hidalgo, ATLAPEXCO, Mexico, NORTH_AMERICA","BUAQ-P","204",NA,"NORTH_AMERICA",80,"Mexico",290,"e40d743ad946e2d78ec2591c59268ac3","e8989ab2-94dc-4570-9783-c3ab92300872","Sistematización de la colección de peces del centro de México",NA,23,0,0,NA,"Otros Datos Ejemplar / Capturista: julieta Otros Datos Ejemplar / FechaCapturaEjemplar: 13/11/2007 05:50:25 p.m.",0,0,204,NA,"2003-07-23","00:00:00","Poeciliidae",7659,"NO DISPONIBLE","Mexico","1894766182","LATIN_AMERICA","Xiphophorus","Xiphophorus",2350152,"WGS84","Geoposicionador, Garmin etrex Legend., 5",NA,"Animalia; Chordata; Osteichthyes; Cyprinodontiformes; Poeciliidae; Xiphophorus",NA,"ff90b050-c256-11db-b71b-b8a03c50a862",NA,NA,"41","Díaz-Pardo E.","2af5594e094b523369dfe47f7afb8013",4,"e081c7d7-2dab-42fd-94c4-9f275767fe7d","FCN-UAQ","53",NA,FALSE,"MX",FALSE,"DD",1894766182,"Animalia",1,"es","2023-08-31T07:04:28.109+00:00","2024-01-25T01:35:56.101+00:00","2024-01-25T01:35:56.101+00:00",21.01525,"http://creativecommons.org/licenses/by/4.0/legalcode","Río Atlapexco","77",NA,-98.341556,"2021-03-19T00:00:00.000+00:00",7,"Fricke, Eschmeyer & van der Laan, 2020","0",NA,"2af5594e094b523369dfe47f7afb8013",NA,"PRESENT","Cyprinodontiformes",547,"Facultad de Ciencias Naturales, Universidad Autónoma de Querétaro","Xiphophorus","Chordata",44,NA,"Alcohol isopropílico 70%",NA,"SNIB-EC007-EC0070911F_Corregida-ND","EML","LATIN_AMERICA","MX","ff90b050-c256-11db-b71b-b8a03c50a862","Díaz-Pardo E.; Urbano H.; Montaño S.",NA,"Comisión Nacional para el Conocimiento y Uso de la Biodiversidad (CONABIO)","Xiphophorus malinche Rauchenberger, Kallman & Morizot, 1990","5020",NA,"Xiphophorus malinche",2350179,"malinche",204,"fe6e3c107e4bdaca3ebd36efbd3e7ae1",2350179,"ACCEPTED","SPECIES",NA,"Event",NA,"grados minutos segundos",NA,NA,NA,"espada de Malinche",NA,2003,2024-08-29
"16","Xiphophorus malinche","Xiphophorus malinche Rauchenberger, Kallman & Morizot, 1990",2350179,NA,"San luis potosi","TAMAZUNCHALE",NA,"HUMAN_OBSERVATION","Gutiérrez-Yurrita P. J. 2002. Fauna acuática de importancia ecológica (crustáceos, insectos y peces) de la cuenca del río Moctezuma Querétaro-Hidalgo. Facultad de Ciencias Naturales. Universidad Autónoma de Querétaro. Bases de datos SNIB-CONABIO, proyecto S172. México, D. F.","NO DISPONIBLE","Río Patitla en las inmediaciones de la comunidad Patitla, San luis potosi, TAMAZUNCHALE, Mexico, NORTH_AMERICA","BUAQ-P","204",NA,"NORTH_AMERICA",70,"Mexico",289,"1cf091fb80d5d63faca5c9769867e667","e56a116e-0cfc-4382-a772-162ac2a44a7c","Fauna acuática de importancia ecológica (crustáceos, insectos y peces) de la cuenca del río Moctezuma Querétaro-Hidalgo",NA,19,0,0,NA,"TipoVegetacion / Selva mediana perennifolia Distrito de Riego: NA Otros Datos Ejemplar / Capturista: ALFREDO Otros Datos Ejemplar / FechaCapturaEjemplar: 03/05/2001 11:46:42 p.m. Otros Datos Ejemplar / MicroHabitat: A lo largo de todo el cauce.",0,0,109,NA,"2001-04-19","00:00:00","Poeciliidae",7659,"UAQB","Mexico","1895258699","LATIN_AMERICA","Xiphophorus","Xiphophorus",2350152,"WGS84","Mapa, INEGI, 1:25 000","Lótico, velocidad del cauce moderada, anchura aproximada de 5 m. profundidad promedio de 30 cm; litología del cauce cantos pequeños, piedras y arcillas.","Animalia; Chordata; Osteichthyes; Cyprinodontiformes; Poeciliidae; Xiphophorus",NA,"ff90b050-c256-11db-b71b-b8a03c50a862",NA,NA,"861","J.A. Morales O.","3643f0aec3ee3209f29304ee7cd6b114",NA,"e081c7d7-2dab-42fd-94c4-9f275767fe7d","FCN-UAQ","53",NA,FALSE,"MX",FALSE,"DD",1895258699,"Animalia",1,"es","2023-08-31T07:07:40.492+00:00","2024-01-25T01:28:15.196+00:00","2024-01-25T01:28:15.196+00:00",21.291667,"http://creativecommons.org/licenses/by/4.0/legalcode","Río Patitla en las inmediaciones de la comunidad Patitla","45",NA,-98.806111,"2021-03-19T00:00:00.000+00:00",4,"Fricke, Eschmeyer & van der Laan, 2020","0",NA,"3643f0aec3ee3209f29304ee7cd6b114",NA,"PRESENT","Cyprinodontiformes",547,"Facultad de Ciencias Naturales, Universidad Autónoma de Querétaro","Xiphophorus","Chordata",44,NA,NA,NA,"SNIB-S172-S172210F-ND","EML","LATIN_AMERICA","MX","ff90b050-c256-11db-b71b-b8a03c50a862","P.J. Gutiérrez Y.; J.A. Morales O.",NA,"Comisión Nacional para el Conocimiento y Uso de la Biodiversidad (CONABIO)","Xiphophorus malinche Rauchenberger, Kallman & Morizot, 1990","377",NA,"Xiphophorus malinche",2350179,"malinche",109,"64cebcde1fefe69405dc107f55749ed6",2350179,"ACCEPTED","SPECIES",NA,"Event",NA,"grados minutos segundos",NA,NA,NA,"espada de Malinche",NA,2001,2024-08-29
"17","Xiphophorus malinche","Xiphophorus malinche Rauchenberger, Kallman & Morizot, 1990",2350179,NA,"Hidalgo","ATLAPEXCO","Rauchenberger,M., K. D. Kallman & D. C. Morizot. 1990. Monophyly and Geography of the Rio Panuco Basin Swordtails (Genus Xiphophorus) with Descriptions of Four New Species. American Museum Novitates. (2975):1-141. American Museum of Natural History, U.S.A.","PRESERVED_SPECIMEN","Soto-Galera, E., L. Alcántara-Soria & J. Paulo-Maya. 2018. Estado actual, identificación de riesgos y propuestas para el manejo de las especies invasoras presentes en las regiones hidrológicas prioritarias, Confluencia de las Huastecas, Media Luna y Cabecera del río de La Laja. Escuela Nacional de Ciencias Biológicas. Instituto Politécnico Nacional. Base de datos SNIB-CONABIO, Proyecto No. LI038, HA026, FM027, FM017, W040, Y026, T027, S115, L051 y P006. Ciudad de México","P4955","Afluente del río Atlapexco en Tecolotitla a 3.7 km al SO de Atlapexco, poza, Hidalgo, ATLAPEXCO, Mexico, NORTH_AMERICA","ENCB-IPN-P","37",NA,"NORTH_AMERICA",80,"Mexico",161,"5417790df262a41845ea89fe27cdb4c0","ec79bfca-83fc-4f89-baad-9a76d320953b","Estado actual, identificación de riesgos y propuestas para el manejo de las especies invasoras presentes en las regiones hidrológicas prioritarias, confluencia de las Huastecas, Media Luna y Cabecera del río de La Laja",NA,19,0,0,NA,"TipoVegetacion / Otras comunidades leñosas Otros Datos Ejemplar / Capturista: Adelina Otros Datos Ejemplar / FechaCapturaEjemplar: 05/09/2011 02:06:37 p. m. Otros Datos Ejemplar / MicroHabitat: Poza",92.5,92.5,79,NA,"2000-03-19",NA,"Poeciliidae",7659,"NO DISPONIBLE","Mexico","2629253332","LATIN_AMERICA","Xiphophorus","Xiphophorus",2350152,"WGS84","Mapa, INEGI, 1982, 1:1 000 000","Afluente del río","Animalia; Chordata; Osteichthyes; Cyprinodontiformes; Poeciliidae; Xiphophorus",NA,"ff90b050-c256-11db-b71b-b8a03c50a862",NA,NA,"14838","Soria-Barreto, M.; Soto-Galera, E.","01e8f7ad08a3af40e5dd8588b459b06e",7,"e081c7d7-2dab-42fd-94c4-9f275767fe7d","ENCB-IPN","17","e89b5741-a9de-46c8-9acf-01e785bc36ab",FALSE,"MX",FALSE,"DD",2629253332,"Animalia",1,"es","2023-08-31T06:54:40.190+00:00","2024-01-25T01:47:43.241+00:00","2024-01-25T01:47:43.241+00:00",21.004444,"http://creativecommons.org/licenses/by/4.0/legalcode","Afluente del río Atlapexco en Tecolotitla a 3.7 km al SO de Atlapexco, poza","3400",NA,-98.358055,"2021-03-19T00:00:00.000+00:00",3,"Fricke, Eschmeyer & van der Laan, 2020","0",NA,"01e8f7ad08a3af40e5dd8588b459b06e",NA,"PRESENT","Cyprinodontiformes",547,"Escuela Nacional de Ciencias Biológicas, Instituto Politécnico Nacional","Xiphophorus","Chordata",44,NA,"Formol al 10%",NA,"SNIB-LI038-LI0381806F_SIB2018.10.02-ND","EML","LATIN_AMERICA","MX","ff90b050-c256-11db-b71b-b8a03c50a862","Soto-Galera, E.; Paulo-Maya, J.; Enríquez-Barragán, M. A.; Soria-Barreto, M.; Iruegas-Bustamante, S.; Castro-Hernández, M.",NA,"Comisión Nacional para el Conocimiento y Uso de la Biodiversidad (CONABIO)","Xiphophorus malinche Rauchenberger, Kallman & Morizot, 1990","161593",NA,"Xiphophorus malinche",2350179,"malinche",79,"606bb33dc6a53d80c6f2829fb846dfa6",2350179,"ACCEPTED","SPECIES",NA,"Event",NA,"grados minutos segundos",NA,NA,NA,"espada de Malinche, highland swordtail, livebearers",NA,2000,2024-08-29
"18","Xiphophorus malinche","Xiphophorus malinche Rauchenberger, Kallman & Morizot, 1990",2350179,NA,"Hidalgo","CALNALI","Rauchenberger,M., K. D. Kallman & D. C. Morizot. 1990. Monophyly and Geography of the Rio Panuco Basin Swordtails (Genus Xiphophorus) with Descriptions of Four New Species. American Museum Novitates. (2975):1-141. American Museum of Natural History, U.S.A.","PRESERVED_SPECIMEN","Soto-Galera, E., L. Alcántara-Soria & J. Paulo-Maya. 2018. Estado actual, identificación de riesgos y propuestas para el manejo de las especies invasoras presentes en las regiones hidrológicas prioritarias, Confluencia de las Huastecas, Media Luna y Cabecera del río de La Laja. Escuela Nacional de Ciencias Biológicas. Instituto Politécnico Nacional. Base de datos SNIB-CONABIO, Proyecto No. LI038, HA026, FM027, FM017, W040, Y026, T027, S115, L051 y P006. Ciudad de México","P4962","Afluente del río Calnalí debajo del puente a 0.88 km al SO de Calnalí, canal, Hidalgo, CALNALI, Mexico, NORTH_AMERICA","ENCB-IPN-P","37",NA,"NORTH_AMERICA",80,"Mexico",161,"5417790df262a41845ea89fe27cdb4c0","ec79bfca-83fc-4f89-baad-9a76d320953b","Estado actual, identificación de riesgos y propuestas para el manejo de las especies invasoras presentes en las regiones hidrológicas prioritarias, confluencia de las Huastecas, Media Luna y Cabecera del río de La Laja",NA,20,0,0,NA,"TipoVegetacion / Otras comunidades leñosas Otros Datos Ejemplar / Capturista: Adelina Otros Datos Ejemplar / FechaCapturaEjemplar: 05/09/2011 02:06:37 p. m. Otros Datos Ejemplar / MicroHabitat: Canal",525,525,80,NA,"2000-03-20",NA,"Poeciliidae",7659,"18","Mexico","2629249650","LATIN_AMERICA","Xiphophorus","Xiphophorus",2350152,"WGS84","Mapa, INEGI, 1982, 1:1 000 000","Afluente del río","Animalia; Chordata; Osteichthyes; Cyprinodontiformes; Poeciliidae; Xiphophorus",NA,"ff90b050-c256-11db-b71b-b8a03c50a862",NA,NA,"14842","Soria-Barreto, M.; Soto-Galera, E.","045c233d22af5adc3074da58d7d31da9",13,"e081c7d7-2dab-42fd-94c4-9f275767fe7d","ENCB-IPN","17","e89b5741-a9de-46c8-9acf-01e785bc36ab",FALSE,"MX",FALSE,"DD",2629249650,"Animalia",1,"es","2023-08-31T06:54:40.190+00:00","2024-01-25T01:47:45.570+00:00","2024-01-25T01:47:45.570+00:00",20.8925,"http://creativecommons.org/licenses/by/4.0/legalcode","Afluente del río Calnalí debajo del puente a 0.88 km al SO de Calnalí, canal","3401",NA,-98.61,"2021-03-19T00:00:00.000+00:00",3,"Fricke, Eschmeyer & van der Laan, 2020","0",NA,"045c233d22af5adc3074da58d7d31da9",NA,"PRESENT","Cyprinodontiformes",547,"Escuela Nacional de Ciencias Biológicas, Instituto Politécnico Nacional","Xiphophorus","Chordata",44,NA,"Formol al 10%",NA,"SNIB-LI038-LI0381806F_SIB2018.10.02-ND","EML","LATIN_AMERICA","MX","ff90b050-c256-11db-b71b-b8a03c50a862","Soto-Galera, E.; Paulo-Maya, J.; Enríquez-Barragán, M. A.; Soria-Barreto, M.; Iruegas-Bustamante, S.; Castro-Hernández, M.",NA,"Comisión Nacional para el Conocimiento y Uso de la Biodiversidad (CONABIO)","Xiphophorus malinche Rauchenberger, Kallman & Morizot, 1990","161593","FEMALE","Xiphophorus malinche",2350179,"malinche",80,"606bb33dc6a53d80c6f2829fb846dfa6",2350179,"ACCEPTED","SPECIES",NA,"Event",NA,"grados minutos segundos",NA,NA,NA,"espada de Malinche, highland swordtail, livebearers",NA,2000,2024-08-29
"19","Xiphophorus malinche","Xiphophorus malinche Rauchenberger, Kallman & Morizot, 1990",2350179,NA,"Hidalgo","CALNALI","Rauchenberger,M., K. D. Kallman & D. C. Morizot. 1990. Monophyly and Geography of the Rio Panuco Basin Swordtails (Genus Xiphophorus) with Descriptions of Four New Species. American Museum Novitates. (2975):1-141. American Museum of Natural History, U.S.A.","PRESERVED_SPECIMEN","Soto-Galera, E., L. Alcántara-Soria & J. Paulo-Maya. 2018. Estado actual, identificación de riesgos y propuestas para el manejo de las especies invasoras presentes en las regiones hidrológicas prioritarias, Confluencia de las Huastecas, Media Luna y Cabecera del río de La Laja. Escuela Nacional de Ciencias Biológicas. Instituto Politécnico Nacional. Base de datos SNIB-CONABIO, Proyecto No. LI038, HA026, FM027, FM017, W040, Y026, T027, S115, L051 y P006. Ciudad de México","P4959","Afluente del río Calnalí debajo del puente a 0.88 km al SO de Calnalí, poza, Hidalgo, CALNALI, Mexico, NORTH_AMERICA","ENCB-IPN-P","37",NA,"NORTH_AMERICA",80,"Mexico",161,"5417790df262a41845ea89fe27cdb4c0","ec79bfca-83fc-4f89-baad-9a76d320953b","Estado actual, identificación de riesgos y propuestas para el manejo de las especies invasoras presentes en las regiones hidrológicas prioritarias, confluencia de las Huastecas, Media Luna y Cabecera del río de La Laja",NA,20,0,0,NA,"TipoVegetacion / Otras comunidades leñosas Otros Datos Ejemplar / Capturista: Adelina Otros Datos Ejemplar / FechaCapturaEjemplar: 05/09/2011 02:06:37 p. m. Otros Datos Ejemplar / MicroHabitat: Poza",525,525,80,NA,"2000-03-20",NA,"Poeciliidae",7659,"15","Mexico","2629261104","LATIN_AMERICA","Xiphophorus","Xiphophorus",2350152,"WGS84","Geoposicionador, Magellan Meridian Platinum, 10","Afluente del río","Animalia; Chordata; Osteichthyes; Cyprinodontiformes; Poeciliidae; Xiphophorus",NA,"ff90b050-c256-11db-b71b-b8a03c50a862",NA,NA,"14840","Soria-Barreto, M.; Soto-Galera, E.","0bf8cf9a2a6d93681ded3004fb2037cf",19,"e081c7d7-2dab-42fd-94c4-9f275767fe7d","ENCB-IPN","17","e89b5741-a9de-46c8-9acf-01e785bc36ab",FALSE,"MX",FALSE,"DD",2629261104,"Animalia",1,"es","2023-08-31T06:54:40.190+00:00","2024-01-25T01:47:42.044+00:00","2024-01-25T01:47:42.044+00:00",20.908333,"http://creativecommons.org/licenses/by/4.0/legalcode","Afluente del río Calnalí debajo del puente a 0.88 km al SO de Calnalí, poza","3346",NA,-98.620555,"2021-03-19T00:00:00.000+00:00",3,"Fricke, Eschmeyer & van der Laan, 2020","0",NA,"0bf8cf9a2a6d93681ded3004fb2037cf",NA,"PRESENT","Cyprinodontiformes",547,"Escuela Nacional de Ciencias Biológicas, Instituto Politécnico Nacional","Xiphophorus","Chordata",44,NA,"Formol al 10%",NA,"SNIB-LI038-LI0381806F_SIB2018.10.02-ND","EML","LATIN_AMERICA","MX","ff90b050-c256-11db-b71b-b8a03c50a862","Soto-Galera, E.; Paulo-Maya, J.; Enríquez-Barragán, M. A.; Soria-Barreto, M.; Iruegas-Bustamante, S.; Castro-Hernández, M.",NA,"Comisión Nacional para el Conocimiento y Uso de la Biodiversidad (CONABIO)","Xiphophorus malinche Rauchenberger, Kallman & Morizot, 1990","161593",NA,"Xiphophorus malinche",2350179,"malinche",80,"606bb33dc6a53d80c6f2829fb846dfa6",2350179,"ACCEPTED","SPECIES",NA,"Event",NA,"grados minutos segundos",NA,NA,NA,"espada de Malinche, highland swordtail, livebearers",NA,2000,2024-08-29
"20","Xiphophorus malinche","Xiphophorus malinche Rauchenberger, Kallman & Morizot, 1990",2350179,NA,"Hidalgo","CALNALI","Rauchenberger,M., K. D. Kallman & D. C. Morizot. 1990. Monophyly and Geography of the Rio Panuco Basin Swordtails (Genus Xiphophorus) with Descriptions of Four New Species. American Museum Novitates. (2975):1-141. American Museum of Natural History, U.S.A.","PRESERVED_SPECIMEN","Soto-Galera, E., L. Alcántara-Soria & J. Paulo-Maya. 2018. Estado actual, identificación de riesgos y propuestas para el manejo de las especies invasoras presentes en las regiones hidrológicas prioritarias, Confluencia de las Huastecas, Media Luna y Cabecera del río de La Laja. Escuela Nacional de Ciencias Biológicas. Instituto Politécnico Nacional. Base de datos SNIB-CONABIO, Proyecto No. LI038, HA026, FM027, FM017, W040, Y026, T027, S115, L051 y P006. Ciudad de México","P4960","Afluente del río Calnalí debajo del puente a 0.88 km al SO de Calnalí, zona de rápidos, Hidalgo, CALNALI, Mexico, NORTH_AMERICA","ENCB-IPN-P","37",NA,"NORTH_AMERICA",80,"Mexico",161,"5417790df262a41845ea89fe27cdb4c0","ec79bfca-83fc-4f89-baad-9a76d320953b","Estado actual, identificación de riesgos y propuestas para el manejo de las especies invasoras presentes en las regiones hidrológicas prioritarias, confluencia de las Huastecas, Media Luna y Cabecera del río de La Laja",NA,20,0,0,NA,"TipoVegetacion / Otras comunidades leñosas Otros Datos Ejemplar / Capturista: Adelina Otros Datos Ejemplar / FechaCapturaEjemplar: 05/09/2011 02:06:37 p. m. Otros Datos Ejemplar / MicroHabitat: Zona de rápidos",525,525,80,NA,"2000-03-20",NA,"Poeciliidae",7659,"16","Mexico","2629256955","LATIN_AMERICA","Xiphophorus","Xiphophorus",2350152,"WGS84","Geoposicionador, 20","Afluente del río","Animalia; Chordata; Osteichthyes; Cyprinodontiformes; Poeciliidae; Xiphophorus",NA,"ff90b050-c256-11db-b71b-b8a03c50a862",NA,NA,"14841","Soria-Barreto, M.; Soto-Galera, E.","0fd294de48efb31cc429009f4a404080",24,"e081c7d7-2dab-42fd-94c4-9f275767fe7d","ENCB-IPN","17","e89b5741-a9de-46c8-9acf-01e785bc36ab",FALSE,"MX",FALSE,"DD",2629256955,"Animalia",1,"es","2023-08-31T06:54:40.190+00:00","2024-01-25T01:47:45.645+00:00","2024-01-25T01:47:45.645+00:00",20.883889,"http://creativecommons.org/licenses/by/4.0/legalcode","Afluente del río Calnalí debajo del puente a 0.88 km al SO de Calnalí, zona de rápidos","3345",NA,-98.607778,"2021-03-19T00:00:00.000+00:00",3,"Fricke, Eschmeyer & van der Laan, 2020","0",NA,"0fd294de48efb31cc429009f4a404080",NA,"PRESENT","Cyprinodontiformes",547,"Escuela Nacional de Ciencias Biológicas, Instituto Politécnico Nacional","Xiphophorus","Chordata",44,NA,"Formol al 10%",NA,"SNIB-LI038-LI0381806F_SIB2018.10.02-ND","EML","LATIN_AMERICA","MX","ff90b050-c256-11db-b71b-b8a03c50a862","Soto-Galera, E.; Paulo-Maya, J.; Enríquez-Barragán, M. A.; Soria-Barreto, M.; Iruegas-Bustamante, S.; Castro-Hernández, M.",NA,"Comisión Nacional para el Conocimiento y Uso de la Biodiversidad (CONABIO)","Xiphophorus malinche Rauchenberger, Kallman & Morizot, 1990","161593",NA,"Xiphophorus malinche",2350179,"malinche",80,"606bb33dc6a53d80c6f2829fb846dfa6",2350179,"ACCEPTED","SPECIES",NA,"Event",NA,"grados minutos segundos",NA,NA,NA,"espada de Malinche, highland swordtail, livebearers",NA,2000,2024-08-29
"21","Xiphophorus malinche","Xiphophorus malinche Rauchenberger, Kallman & Morizot, 1990",2350179,NA,"Hidalgo","TIANGUISTENGO","Rauchenberger,M., K. D. Kallman & D. C. Morizot. 1990. Monophyly and Geography of the Rio Panuco Basin Swordtails (Genus Xiphophorus) with Descriptions of Four New Species. American Museum Novitates. (2975):1-141. American Museum of Natural History, U.S.A.","PRESERVED_SPECIMEN","Soto-Galera, E., L. Alcántara-Soria & J. Paulo-Maya. 2018. Estado actual, identificación de riesgos y propuestas para el manejo de las especies invasoras presentes en las regiones hidrológicas prioritarias, Confluencia de las Huastecas, Media Luna y Cabecera del río de La Laja. Escuela Nacional de Ciencias Biológicas. Instituto Politécnico Nacional. Base de datos SNIB-CONABIO, Proyecto No. LI038, HA026, FM027, FM017, W040, Y026, T027, S115, L051 y P006. Ciudad de México","P4949","Arroyo en Tenango a 3.75 km al NO de Tianguistengo, riachuelo, Hidalgo, TIANGUISTENGO, Mexico, NORTH_AMERICA","ENCB-IPN-P","37",NA,"NORTH_AMERICA",80,"Mexico",161,"5417790df262a41845ea89fe27cdb4c0","ec79bfca-83fc-4f89-baad-9a76d320953b","Estado actual, identificación de riesgos y propuestas para el manejo de las especies invasoras presentes en las regiones hidrológicas prioritarias, confluencia de las Huastecas, Media Luna y Cabecera del río de La Laja",NA,18,0,0,NA,"TipoVegetacion / Otras comunidades leñosas Otros Datos Ejemplar / Capturista: Adelina Otros Datos Ejemplar / FechaCapturaEjemplar: 05/09/2011 02:06:37 p. m. Otros Datos Ejemplar / MicroHabitat: Riachuelo",540,540,78,NA,"2000-03-18",NA,"Poeciliidae",7659,"5","Mexico","2629261312","LATIN_AMERICA","Xiphophorus","Xiphophorus",2350152,"WGS84","Mapa, INEGI, 1982, 1:1 000 000","Arroyo","Animalia; Chordata; Osteichthyes; Cyprinodontiformes; Poeciliidae; Xiphophorus",NA,"ff90b050-c256-11db-b71b-b8a03c50a862",NA,NA,"14835","Soria-Barreto, M.; Soto-Galera, E.","3c0829c19792a9f8762d2691a5fc8394",27,"e081c7d7-2dab-42fd-94c4-9f275767fe7d","ENCB-IPN","17","e89b5741-a9de-46c8-9acf-01e785bc36ab",FALSE,"MX",FALSE,"DD",2629261312,"Animalia",1,"es","2023-08-31T06:54:40.190+00:00","2024-01-25T01:47:43.199+00:00","2024-01-25T01:47:43.199+00:00",20.749444,"http://creativecommons.org/licenses/by/4.0/legalcode","Arroyo en Tenango a 3.75 km al NO de Tianguistengo, riachuelo","3397",NA,-98.650555,"2021-03-19T00:00:00.000+00:00",3,"Fricke, Eschmeyer & van der Laan, 2020","0",NA,"3c0829c19792a9f8762d2691a5fc8394",NA,"PRESENT","Cyprinodontiformes",547,"Escuela Nacional de Ciencias Biológicas, Instituto Politécnico Nacional","Xiphophorus","Chordata",44,NA,"Formol al 10%",NA,"SNIB-LI038-LI0381806F_SIB2018.10.02-ND","EML","LATIN_AMERICA","MX","ff90b050-c256-11db-b71b-b8a03c50a862","Soto-Galera, E.; Paulo-Maya, J.; Enríquez-Barragán, M. A.; Soria-Barreto, M.; Iruegas-Bustamante, S.; Castro-Hernández, M.",NA,"Comisión Nacional para el Conocimiento y Uso de la Biodiversidad (CONABIO)","Xiphophorus malinche Rauchenberger, Kallman & Morizot, 1990","161593",NA,"Xiphophorus malinche",2350179,"malinche",78,"606bb33dc6a53d80c6f2829fb846dfa6",2350179,"ACCEPTED","SPECIES",NA,"Event",NA,"grados minutos segundos",NA,NA,NA,"espada de Malinche, highland swordtail, livebearers",NA,2000,2024-08-29
"22","Xiphophorus malinche","Xiphophorus malinche Rauchenberger, Kallman & Morizot, 1990",2350179,NA,"Hidalgo","CUAUTEPEC DE HINOJOSA","Rauchenberger,M., K. D. Kallman & D. C. Morizot. 1990. Monophyly and Geography of the Rio Panuco Basin Swordtails (Genus Xiphophorus) with Descriptions of Four New Species. American Museum Novitates. (2975):1-141. American Museum of Natural History, U.S.A.","PRESERVED_SPECIMEN","Soto-Galera, E., L. Alcántara-Soria & J. Paulo-Maya. 2018. Estado actual, identificación de riesgos y propuestas para el manejo de las especies invasoras presentes en las regiones hidrológicas prioritarias, Confluencia de las Huastecas, Media Luna y Cabecera del río de La Laja. Escuela Nacional de Ciencias Biológicas. Instituto Politécnico Nacional. Base de datos SNIB-CONABIO, Proyecto No. LI038, HA026, FM027, FM017, W040, Y026, T027, S115, L051 y P006. Ciudad de México","P4954","Río Atlapexco, debajo del puente a 1 km al NE de Atlapexco, poza, Hidalgo, CUAUTEPEC DE HINOJOSA, Mexico, NORTH_AMERICA","ENCB-IPN-P","37",NA,"NORTH_AMERICA",80,"Mexico",161,"5417790df262a41845ea89fe27cdb4c0","ec79bfca-83fc-4f89-baad-9a76d320953b","Estado actual, identificación de riesgos y propuestas para el manejo de las especies invasoras presentes en las regiones hidrológicas prioritarias, confluencia de las Huastecas, Media Luna y Cabecera del río de La Laja",NA,19,0,0,NA,"TipoVegetacion / Otras comunidades leñosas Otros Datos Ejemplar / Capturista: Adelina Otros Datos Ejemplar / FechaCapturaEjemplar: 05/09/2011 02:06:37 p. m. Otros Datos Ejemplar / MicroHabitat: Poza",140,140,79,NA,"2000-03-19",NA,"Poeciliidae",7659,"10","Mexico","2629260205","LATIN_AMERICA","Xiphophorus","Xiphophorus",2350152,"WGS84","Mapa, INEGI, 1982, 1:1 000 000","Río","Animalia; Chordata; Osteichthyes; Cyprinodontiformes; Poeciliidae; Xiphophorus",NA,"ff90b050-c256-11db-b71b-b8a03c50a862",NA,NA,"14837","Soria-Barreto, M.; Soto-Galera, E.","956428407760cefde47d46140b4304b6",4,"e081c7d7-2dab-42fd-94c4-9f275767fe7d","ENCB-IPN","17","e89b5741-a9de-46c8-9acf-01e785bc36ab",FALSE,"MX",FALSE,"DD",2629260205,"Animalia",1,"es","2023-08-31T06:54:40.190+00:00","2024-01-25T01:47:46.588+00:00","2024-01-25T01:47:46.588+00:00",20.014722,"http://creativecommons.org/licenses/by/4.0/legalcode","Río Atlapexco, debajo del puente a 1 km al NE de Atlapexco, poza","3399",NA,-98.337778,"2021-03-19T00:00:00.000+00:00",3,"Fricke, Eschmeyer & van der Laan, 2020","0",NA,"956428407760cefde47d46140b4304b6",NA,"PRESENT","Cyprinodontiformes",547,"Escuela Nacional de Ciencias Biológicas, Instituto Politécnico Nacional","Xiphophorus","Chordata",44,NA,"Formol al 10%",NA,"SNIB-LI038-LI0381806F_SIB2018.10.02-ND","EML","LATIN_AMERICA","MX","ff90b050-c256-11db-b71b-b8a03c50a862","Soto-Galera, E.; Paulo-Maya, J.; Enríquez-Barragán, M. A.; Soria-Barreto, M.; Iruegas-Bustamante, S.; Castro-Hernández, M.",NA,"Comisión Nacional para el Conocimiento y Uso de la Biodiversidad (CONABIO)","Xiphophorus malinche Rauchenberger, Kallman & Morizot, 1990","161593",NA,"Xiphophorus malinche",2350179,"malinche",79,"606bb33dc6a53d80c6f2829fb846dfa6",2350179,"ACCEPTED","SPECIES",NA,"Event",NA,"grados minutos segundos",NA,NA,NA,"espada de Malinche, highland swordtail, livebearers",NA,2000,2024-08-29
"23","Xiphophorus malinche","Xiphophorus malinche Rauchenberger, Kallman & Morizot, 1990",2350179,NA,"Hidalgo","ATLAPEXCO","Rauchenberger,M., K. D. Kallman & D. C. Morizot. 1990. Monophyly and Geography of the Rio Panuco Basin Swordtails (Genus Xiphophorus) with Descriptions of Four New Species. American Museum Novitates. (2975):1-141. American Museum of Natural History, U.S.A.","PRESERVED_SPECIMEN","Soto-Galera, E., L. Alcántara-Soria & J. Paulo-Maya. 2018. Estado actual, identificación de riesgos y propuestas para el manejo de las especies invasoras presentes en las regiones hidrológicas prioritarias, Confluencia de las Huastecas, Media Luna y Cabecera del río de La Laja. Escuela Nacional de Ciencias Biológicas. Instituto Politécnico Nacional. Base de datos SNIB-CONABIO, Proyecto No. LI038, HA026, FM027, FM017, W040, Y026, T027, S115, L051 y P006. Ciudad de México","P4953","Río Atlapexco, debajo del puente a 1 km al NE de Atlapexco, poza con vegetación, Hidalgo, ATLAPEXCO, Mexico, NORTH_AMERICA","ENCB-IPN-P","37",NA,"NORTH_AMERICA",80,"Mexico",161,"5417790df262a41845ea89fe27cdb4c0","ec79bfca-83fc-4f89-baad-9a76d320953b","Estado actual, identificación de riesgos y propuestas para el manejo de las especies invasoras presentes en las regiones hidrológicas prioritarias, confluencia de las Huastecas, Media Luna y Cabecera del río de La Laja",NA,19,0,0,NA,"TipoVegetacion / Otras comunidades leñosas Otros Datos Ejemplar / Capturista: Adelina Otros Datos Ejemplar / FechaCapturaEjemplar: 05/09/2011 02:06:37 p. m. Otros Datos Ejemplar / MicroHabitat: Poza con vegetación",140,140,79,NA,"2000-03-19",NA,"Poeciliidae",7659,"9","Mexico","2629261459","LATIN_AMERICA","Xiphophorus","Xiphophorus",2350152,"WGS84","Geoposicionador, Magellan Meridian Platinum, 10","Río","Animalia; Chordata; Osteichthyes; Cyprinodontiformes; Poeciliidae; Xiphophorus",NA,"ff90b050-c256-11db-b71b-b8a03c50a862",NA,NA,"14836","Soria-Barreto, M.; Soto-Galera, E.","cfcede9686520777f610ae616f5c9678",7,"e081c7d7-2dab-42fd-94c4-9f275767fe7d","ENCB-IPN","17","e89b5741-a9de-46c8-9acf-01e785bc36ab",FALSE,"MX",FALSE,"DD",2629261459,"Animalia",1,"es","2023-08-31T06:54:40.190+00:00","2024-01-25T01:47:43.260+00:00","2024-01-25T01:47:43.260+00:00",21.016944,"http://creativecommons.org/licenses/by/4.0/legalcode","Río Atlapexco, debajo del puente a 1 km al NE de Atlapexco, poza con vegetación","3341",NA,-98.339167,"2021-03-19T00:00:00.000+00:00",3,"Fricke, Eschmeyer & van der Laan, 2020","0",NA,"cfcede9686520777f610ae616f5c9678",NA,"PRESENT","Cyprinodontiformes",547,"Escuela Nacional de Ciencias Biológicas, Instituto Politécnico Nacional","Xiphophorus","Chordata",44,NA,"Formol al 10%",NA,"SNIB-LI038-LI0381806F_SIB2018.10.02-ND","EML","LATIN_AMERICA","MX","ff90b050-c256-11db-b71b-b8a03c50a862","Soto-Galera, E.; Paulo-Maya, J.; Enríquez-Barragán, M. A.; Soria-Barreto, M.; Iruegas-Bustamante, S.; Castro-Hernández, M.",NA,"Comisión Nacional para el Conocimiento y Uso de la Biodiversidad (CONABIO)","Xiphophorus malinche Rauchenberger, Kallman & Morizot, 1990","161593",NA,"Xiphophorus malinche",2350179,"malinche",79,"606bb33dc6a53d80c6f2829fb846dfa6",2350179,"ACCEPTED","SPECIES",NA,"Event",NA,"grados minutos segundos",NA,NA,NA,"espada de Malinche, highland swordtail, livebearers",NA,2000,2024-08-29
"24","Xiphophorus malinche","Xiphophorus malinche Rauchenberger, Kallman & Morizot, 1990",2350179,NA,"Hidalgo","SAN FELIPE ORIZATLAN","Rauchenberger,M., K. D. Kallman & D. C. Morizot. 1990. Monophyly and Geography of the Rio Panuco Basin Swordtails (Genus Xiphophorus) with Descriptions of Four New Species. American Museum Novitates. (2975):1-141. American Museum of Natural History, U.S.A.","PRESERVED_SPECIMEN","Soto-Galera, E., L. Alcántara-Soria & J. Paulo-Maya. 2018. Estado actual, identificación de riesgos y propuestas para el manejo de las especies invasoras presentes en las regiones hidrológicas prioritarias, Confluencia de las Huastecas, Media Luna y Cabecera del río de La Laja. Escuela Nacional de Ciencias Biológicas. Instituto Politécnico Nacional. Base de datos SNIB-CONABIO, Proyecto No. LI038, HA026, FM027, FM017, W040, Y026, T027, S115, L051 y P006. Ciudad de México","P4958","Río San Pedro a 2.7 km al E de San Felipe Orizatlán, Hidalgo, SAN FELIPE ORIZATLAN, Mexico, NORTH_AMERICA","ENCB-IPN-P","37",NA,"NORTH_AMERICA",80,"Mexico",161,"5417790df262a41845ea89fe27cdb4c0","ec79bfca-83fc-4f89-baad-9a76d320953b","Estado actual, identificación de riesgos y propuestas para el manejo de las especies invasoras presentes en las regiones hidrológicas prioritarias, confluencia de las Huastecas, Media Luna y Cabecera del río de La Laja",NA,19,0,0,NA,"TipoVegetacion / Otras comunidades leñosas Otros Datos Ejemplar / Capturista: Adelina Otros Datos Ejemplar / FechaCapturaEjemplar: 05/09/2011 02:06:37 p. m.",87.5,87.5,79,NA,"2000-03-19",NA,"Poeciliidae",7659,"14","Mexico","2629261630","LATIN_AMERICA","Xiphophorus","Xiphophorus",2350152,"WGS84","Mapa, INEGI, 1982, 1:1 000 000","Río","Animalia; Chordata; Osteichthyes; Cyprinodontiformes; Poeciliidae; Xiphophorus",NA,"ff90b050-c256-11db-b71b-b8a03c50a862",NA,NA,"14839","Soria-Barreto, M.; Soto-Galera, E.","e1b23e92bbb586d37a1dc53700e6b929",56,"e081c7d7-2dab-42fd-94c4-9f275767fe7d","ENCB-IPN","17","e89b5741-a9de-46c8-9acf-01e785bc36ab",FALSE,"MX",FALSE,"DD",2629261630,"Animalia",1,"es","2023-08-31T06:54:40.190+00:00","2024-01-25T01:47:48.059+00:00","2024-01-25T01:47:48.059+00:00",21.171944,"http://creativecommons.org/licenses/by/4.0/legalcode","Río San Pedro a 2.7 km al E de San Felipe Orizatlán","3390",NA,-98.595555,"2021-03-19T00:00:00.000+00:00",3,"Fricke, Eschmeyer & van der Laan, 2020","0",NA,"e1b23e92bbb586d37a1dc53700e6b929",NA,"PRESENT","Cyprinodontiformes",547,"Escuela Nacional de Ciencias Biológicas, Instituto Politécnico Nacional","Xiphophorus","Chordata",44,NA,"Formol al 10%",NA,"SNIB-LI038-LI0381806F_SIB2018.10.02-ND","EML","LATIN_AMERICA","MX","ff90b050-c256-11db-b71b-b8a03c50a862","Soto-Galera, E.; Paulo-Maya, J.; Enríquez-Barragán, M. A.; Soria-Barreto, M.; Iruegas-Bustamante, S.; Castro-Hernández, M.",NA,"Comisión Nacional para el Conocimiento y Uso de la Biodiversidad (CONABIO)","Xiphophorus malinche Rauchenberger, Kallman & Morizot, 1990","161593",NA,"Xiphophorus malinche",2350179,"malinche",79,"606bb33dc6a53d80c6f2829fb846dfa6",2350179,"ACCEPTED","SPECIES",NA,"Event",NA,"grados minutos segundos",NA,NA,NA,"espada de Malinche, highland swordtail, livebearers",NA,2000,2024-08-29
"25","Xiphophorus malinche","Xiphophorus malinche Rauchenberger, Kallman & Morizot, 1990",2350179,NA,"Hidalgo","CALNALI","Rauchenberger,M., K. D. Kallman & D. C. Morizot. 1990. Monophyly and Geography of the Rio Panuco Basin Swordtails (Genus Xiphophorus) with Descriptions of Four New Species. American Museum Novitates. (2975):1-141. American Museum of Natural History, U.S.A.","PRESERVED_SPECIMEN","Soto-Galera, E., L. Alcántara-Soria & J. Paulo-Maya. 2018. Estado actual, identificación de riesgos y propuestas para el manejo de las especies invasoras presentes en las regiones hidrológicas prioritarias, Confluencia de las Huastecas, Media Luna y Cabecera del río de La Laja. Escuela Nacional de Ciencias Biológicas. Instituto Politécnico Nacional. Base de datos SNIB-CONABIO, Proyecto No. LI038, HA026, FM027, FM017, W040, Y026, T027, S115, L051 y P006. Ciudad de México","P4977","Afluente del río Calnalí debajo del puente a 0.88 km al SO de Calnalí, Hidalgo, CALNALI, Mexico, NORTH_AMERICA","ENCB-IPN-P","37",NA,"NORTH_AMERICA",80,"Mexico",161,"5417790df262a41845ea89fe27cdb4c0","ec79bfca-83fc-4f89-baad-9a76d320953b","Estado actual, identificación de riesgos y propuestas para el manejo de las especies invasoras presentes en las regiones hidrológicas prioritarias, confluencia de las Huastecas, Media Luna y Cabecera del río de La Laja",NA,15,0,0,NA,"TipoVegetacion / Otras comunidades leñosas Otros Datos Ejemplar / Capturista: Adelina Otros Datos Ejemplar / FechaCapturaEjemplar: 05/09/2011 02:06:37 p. m.",525,525,167,NA,"2000-06-15",NA,"Poeciliidae",7659,"2a","Mexico","2629260717","LATIN_AMERICA","Xiphophorus","Xiphophorus",2350152,"WGS84","Mapa, INEGI, 1982, 1:1 000 000","Afluente del río","Animalia; Chordata; Osteichthyes; Cyprinodontiformes; Poeciliidae; Xiphophorus",NA,"ff90b050-c256-11db-b71b-b8a03c50a862",NA,NA,"14843","Soto-Galera, E.; Alcántara-Soria, L.; Brailovsky-Signoret, D.; Enríquez-Barragán, M. A.; Soria-Barreto, M.","1aa90b9d6ea6c2a110496c3d55f181d2",71,"e081c7d7-2dab-42fd-94c4-9f275767fe7d","ENCB-IPN","17","e89b5741-a9de-46c8-9acf-01e785bc36ab",FALSE,"MX",FALSE,"DD",2629260717,"Animalia",1,"es","2023-08-31T06:54:40.190+00:00","2024-01-25T01:47:45.819+00:00","2024-01-25T01:47:45.819+00:00",20.893333,"http://creativecommons.org/licenses/by/4.0/legalcode","Afluente del río Calnalí debajo del puente a 0.88 km al SO de Calnalí","3411",NA,-98.609444,"2021-03-19T00:00:00.000+00:00",6,"Fricke, Eschmeyer & van der Laan, 2020","0",NA,"1aa90b9d6ea6c2a110496c3d55f181d2",NA,"PRESENT","Cyprinodontiformes",547,"Escuela Nacional de Ciencias Biológicas, Instituto Politécnico Nacional","Xiphophorus","Chordata",44,NA,"Formol al 10%",NA,"SNIB-LI038-LI0381806F_SIB2018.10.02-ND","EML","LATIN_AMERICA","MX","ff90b050-c256-11db-b71b-b8a03c50a862","Soto-Galera, E.; Paulo-Maya, J.",NA,"Comisión Nacional para el Conocimiento y Uso de la Biodiversidad (CONABIO)","Xiphophorus malinche Rauchenberger, Kallman & Morizot, 1990","161593",NA,"Xiphophorus malinche",2350179,"malinche",167,"606bb33dc6a53d80c6f2829fb846dfa6",2350179,"ACCEPTED","SPECIES",NA,"Event",NA,"grados minutos segundos",NA,NA,NA,"espada de Malinche, highland swordtail, livebearers",NA,2000,2024-08-29
"26","Xiphophorus malinche","Xiphophorus malinche Rauchenberger, Kallman & Morizot, 1990",2350179,NA,"Hidalgo","CALNALI","Rauchenberger,M., K. D. Kallman & D. C. Morizot. 1990. Monophyly and Geography of the Rio Panuco Basin Swordtails (Genus Xiphophorus) with Descriptions of Four New Species. American Museum Novitates. (2975):1-141. American Museum of Natural History, U.S.A.","PRESERVED_SPECIMEN","Soto-Galera, E., L. Alcántara-Soria & J. Paulo-Maya. 2018. Estado actual, identificación de riesgos y propuestas para el manejo de las especies invasoras presentes en las regiones hidrológicas prioritarias, Confluencia de las Huastecas, Media Luna y Cabecera del río de La Laja. Escuela Nacional de Ciencias Biológicas. Instituto Politécnico Nacional. Base de datos SNIB-CONABIO, Proyecto No. LI038, HA026, FM027, FM017, W040, Y026, T027, S115, L051 y P006. Ciudad de México","P4983","Río Calnalí, en Calnalí, Hidalgo, CALNALI, Mexico, NORTH_AMERICA","ENCB-IPN-P","37",NA,"NORTH_AMERICA",80,"Mexico",161,"5417790df262a41845ea89fe27cdb4c0","ec79bfca-83fc-4f89-baad-9a76d320953b","Estado actual, identificación de riesgos y propuestas para el manejo de las especies invasoras presentes en las regiones hidrológicas prioritarias, confluencia de las Huastecas, Media Luna y Cabecera del río de La Laja",NA,16,0,0,NA,"TipoVegetacion / Otras comunidades leñosas Otros Datos Ejemplar / Capturista: Adelina Otros Datos Ejemplar / FechaCapturaEjemplar: 05/09/2011 02:06:37 p. m.",464.5,464.5,168,NA,"2000-06-16",NA,"Poeciliidae",7659,"3a","Mexico","2629253548","LATIN_AMERICA","Xiphophorus","Xiphophorus",2350152,"WGS84","Geoposicionador, Magellan Meridian Platinum, 10","Río","Animalia; Chordata; Osteichthyes; Cyprinodontiformes; Poeciliidae; Xiphophorus",NA,"ff90b050-c256-11db-b71b-b8a03c50a862",NA,NA,"14844","Alcántara-Soria, L.; Soto-Galera, E.; Brailovsky-Signoret, D.","b06ba0288c52e83356473dd8b24199ee",6,"e081c7d7-2dab-42fd-94c4-9f275767fe7d","ENCB-IPN","17","e89b5741-a9de-46c8-9acf-01e785bc36ab",FALSE,"MX",FALSE,"DD",2629253548,"Animalia",1,"es","2023-08-31T06:54:40.190+00:00","2024-01-25T01:47:47.122+00:00","2024-01-25T01:47:47.122+00:00",20.913056,"http://creativecommons.org/licenses/by/4.0/legalcode","Río Calnalí, en Calnalí","3416",NA,-98.588055,"2021-03-19T00:00:00.000+00:00",6,"Fricke, Eschmeyer & van der Laan, 2020","0",NA,"b06ba0288c52e83356473dd8b24199ee",NA,"PRESENT","Cyprinodontiformes",547,"Escuela Nacional de Ciencias Biológicas, Instituto Politécnico Nacional","Xiphophorus","Chordata",44,NA,"Formol al 10%",NA,"SNIB-LI038-LI0381806F_SIB2018.10.02-ND","EML","LATIN_AMERICA","MX","ff90b050-c256-11db-b71b-b8a03c50a862","Soto-Galera, E.; Paulo-Maya, J.; Alcántara-Soria, A.; Araujo-Velázquez, S.",NA,"Comisión Nacional para el Conocimiento y Uso de la Biodiversidad (CONABIO)","Xiphophorus malinche Rauchenberger, Kallman & Morizot, 1990","161593",NA,"Xiphophorus malinche",2350179,"malinche",168,"606bb33dc6a53d80c6f2829fb846dfa6",2350179,"ACCEPTED","SPECIES",NA,"Event",NA,"grados minutos segundos",NA,NA,NA,"espada de Malinche, highland swordtail, livebearers",NA,2000,2024-08-29
"27","Xiphophorus malinche","Xiphophorus malinche Rauchenberger, Kallman & Morizot, 1990",2350179,NA,"Hidalgo","HUEJUTLA DE REYES",NA,"PRESERVED_SPECIMEN","Gutiérrez-Yurrita P. J. 2002. Fauna acuática de importancia ecológica (crustáceos, insectos y peces) de la cuenca del río Moctezuma Querétaro-Hidalgo. Facultad de Ciencias Naturales. Universidad Autónoma de Querétaro. Bases de datos SNIB-CONABIO, proyecto S172. México, D. F.","BUAQ-P 168","Arroyo Caimantitla en las inmediaciones de la comunidad Buena Vista, Hidalgo, HUEJUTLA DE REYES, Mexico, NORTH_AMERICA","BUAQ-P","204",NA,"NORTH_AMERICA",80,"Mexico",289,"1cf091fb80d5d63faca5c9769867e667","e56a116e-0cfc-4382-a772-162ac2a44a7c","Fauna acuática de importancia ecológica (crustáceos, insectos y peces) de la cuenca del río Moctezuma Querétaro-Hidalgo",NA,14,0,0,NA,"Características de Peces / Longitud total: 57.6 mm Características de Peces / Longitud patrón: 39.6 mm Características de Peces / Altura máxima: 14.8 mm Características de Peces / Formula radial (dorsal): -12 Características de Peces / Formula radial (anal): -9 Distrito de Riego: NA Otros Datos Ejemplar / Capturista: ALFREDO Otros Datos Ejemplar / FechaCapturaEjemplar: 16/02/2001 05:33:39 p.m. Otros Datos Ejemplar / MicroHabitat: Posas con profundidades de 60 cm.",124.5,124.5,349,NA,"2000-12-14","00:00:00","Poeciliidae",7659,"UAQB-30.1","Mexico","1895258725","LATIN_AMERICA","Xiphophorus","Xiphophorus",2350152,"WGS84","Geoposicionador, +- 0.25 M","Lótico, velocidad del cauce moderada, anchura aproximada 2 m, profundidad promedio de 5 cm; litología del cauce rocas  cantos pequeños, grava y bancos de arena;  vegetación terrestre cultivos diversos.","Animalia; Chordata; Osteichthyes; Cyprinodontiformes; Poeciliidae; Xiphophorus",NA,"ff90b050-c256-11db-b71b-b8a03c50a862",NA,NA,"834","J.A. Morales O.","5e57806094ed02093d6f97b00940ab38",10,"e081c7d7-2dab-42fd-94c4-9f275767fe7d","FCN-UAQ","53",NA,FALSE,"MX",FALSE,"DD",1895258725,"Animalia",1,"es","2023-08-31T07:07:40.492+00:00","2024-01-25T01:28:13.427+00:00","2024-01-25T01:28:13.427+00:00",21.103556,"http://creativecommons.org/licenses/by/4.0/legalcode","Arroyo Caimantitla en las inmediaciones de la comunidad Buena Vista","3",NA,-98.474056,"2021-03-19T00:00:00.000+00:00",12,"Fricke, Eschmeyer & van der Laan, 2020","0",NA,"5e57806094ed02093d6f97b00940ab38",NA,"PRESENT","Cyprinodontiformes",547,"Facultad de Ciencias Naturales, Universidad Autónoma de Querétaro","Xiphophorus","Chordata",44,NA,"Alcohol 70%","Xiphophorus malinche Rauchenberger, Klaus, Kallman & Mozirot, 1990 detrminó Identificadores 3 fecha: 2001.1.23","SNIB-S172-S172210F-ND","EML","LATIN_AMERICA","MX","ff90b050-c256-11db-b71b-b8a03c50a862","P.J. Gutiérrez Y.; J.A. Morales O.",NA,"Comisión Nacional para el Conocimiento y Uso de la Biodiversidad (CONABIO)","Xiphophorus malinche Rauchenberger, Kallman & Morizot, 1990","377","MALE","Xiphophorus malinche",2350179,"malinche",349,"64cebcde1fefe69405dc107f55749ed6",2350179,"ACCEPTED","SPECIES",NA,"Event",NA,"grados minutos segundos",NA,NA,NA,"espada de Malinche",NA,2000,2024-08-29
"28","Xiphophorus malinche","Xiphophorus malinche Rauchenberger, Kallman & Morizot, 1990",2350179,NA,"Hidalgo","ALFAJAYUCAN","Álvarez-del Villar, J. 1970. Peces mexicanos (claves). Secretaría de Industria y Comercio, Dirección General de Pesca e Industrias Conexas, México, D.F. 165 pp. | Miller, R. R., Minckley, W. L. & Norris, S. M. 2005. Freshwater fishes of Mexico. The University of Chicago Press, U.S.A. Chicago, IL. 652 pp. | Nelson, J. S. 2006. Fishes of the World. John Wiley & Sons, Inc. Fourth Edition. Hoboken, New Jersey. U.S.A. 601 pp.","PRESERVED_SPECIMEN","Díaz-Pardo E. 2009. Sistematización de la colección de peces del centro de México. Colección BUAQ-P. Facultad de Ciencias Naturales. Universidad Autónoma de Querétaro. Bases de datos SNIB-CONABIO, proyecto EC007. México, D. F.","UAQ-P-110","Buena Vista, Arroyo Buena Vista, Hidalgo, ALFAJAYUCAN, Mexico, NORTH_AMERICA","BUAQ-P","204",NA,"NORTH_AMERICA",80,"Mexico",290,"e40d743ad946e2d78ec2591c59268ac3","e8989ab2-94dc-4570-9783-c3ab92300872","Sistematización de la colección de peces del centro de México",NA,14,0,0,NA,"Otros Datos Ejemplar / Capturista: isaac Otros Datos Ejemplar / FechaCapturaEjemplar: 08/09/2008 03:31:26 p.m.",0,0,349,NA,"2000-12-14","00:00:00","Poeciliidae",7659,"NO DISPONIBLE","Mexico","1894766203","LATIN_AMERICA","Xiphophorus","Xiphophorus",2350152,"WGS84","Geoposicionador, Garmin etrex Legend., 5",NA,"Animalia; Chordata; Osteichthyes; Cyprinodontiformes; Poeciliidae; Xiphophorus",NA,"ff90b050-c256-11db-b71b-b8a03c50a862",NA,NA,"1339","Díaz-Pardo E.","dea96c0fa5514fc098010abf31154a14",10,"e081c7d7-2dab-42fd-94c4-9f275767fe7d","FCN-UAQ","53",NA,FALSE,"MX",FALSE,"DD",1894766203,"Animalia",1,"es","2023-08-31T07:04:28.109+00:00","2024-01-25T01:35:55.878+00:00","2024-01-25T01:35:55.878+00:00",20.429729,"http://creativecommons.org/licenses/by/4.0/legalcode","Buena Vista, Arroyo Buena Vista","86",NA,-99.414467,"2021-03-19T00:00:00.000+00:00",12,"Fricke, Eschmeyer & van der Laan, 2020","0",NA,"dea96c0fa5514fc098010abf31154a14",NA,"PRESENT","Cyprinodontiformes",547,"Facultad de Ciencias Naturales, Universidad Autónoma de Querétaro","Xiphophorus","Chordata",44,NA,"Alcohol isopropílico 70%",NA,"SNIB-EC007-EC0070911F_Corregida-ND","EML","LATIN_AMERICA","MX","ff90b050-c256-11db-b71b-b8a03c50a862","Morales A.",NA,"Comisión Nacional para el Conocimiento y Uso de la Biodiversidad (CONABIO)","Xiphophorus malinche Rauchenberger, Kallman & Morizot, 1990","5020",NA,"Xiphophorus malinche",2350179,"malinche",349,"fe6e3c107e4bdaca3ebd36efbd3e7ae1",2350179,"ACCEPTED","SPECIES",NA,"Event",NA,"grados minutos segundos",NA,NA,NA,"espada de Malinche",NA,2000,2024-08-29
"29","Xiphophorus malinche","Xiphophorus malinche Rauchenberger, Kallman & Morizot, 1990",2350179,NA,"Hidalgo","MOLANGO DE ESCAMILLA",NA,"PRESERVED_SPECIMEN","Gutiérrez-Yurrita P. J. 2002. Fauna acuática de importancia ecológica (crustáceos, insectos y peces) de la cuenca del río Moctezuma Querétaro-Hidalgo. Facultad de Ciencias Naturales. Universidad Autónoma de Querétaro. Bases de datos SNIB-CONABIO, proyecto S172. México, D. F.","BUAQ-P 151","Arroyo sin nombre a 5 km de Helochitlan, Hidalgo, MOLANGO DE ESCAMILLA, Mexico, NORTH_AMERICA","BUAQ-P","204",NA,"NORTH_AMERICA",80,"Mexico",289,"1cf091fb80d5d63faca5c9769867e667","e56a116e-0cfc-4382-a772-162ac2a44a7c","Fauna acuática de importancia ecológica (crustáceos, insectos y peces) de la cuenca del río Moctezuma Querétaro-Hidalgo",NA,13,0,0,NA,"TipoVegetacion / Bosque de Galería Características de Peces / Longitud total: 53 mm Características de Peces / Longitud patrón: 34.5 mm Características de Peces / Altura máxima: 12.5 mm Características de Peces / Formula radial (dorsal): -13 Características de Peces / Formula radial (anal): -9 Distrito de Riego: NA Otros Datos Ejemplar / Capturista: ALFREDO Otros Datos Ejemplar / FechaCapturaEjemplar: 15/02/2001 05:59:58 p.m. Otros Datos Ejemplar / MicroHabitat: A lo largo del cauce entre las piedras",687,687,348,NA,"2000-12-13","00:00:00","Poeciliidae",7659,"UAQB-29.1","Mexico","1895258735","LATIN_AMERICA","Xiphophorus","Xiphophorus",2350152,"WGS84","Geoposicionador, +- 0.25 M","Lótico, velocidad  del cauce moderada, anchura aproximada 1.5 m y una profundidad promedio de  20 cm; litología del cauce cantos rodados,  rocas y arcilla, rodeado de bosque de galería; Lomeríos sin vegetación cercana al cauce.","Animalia; Chordata; Osteichthyes; Cyprinodontiformes; Poeciliidae; Xiphophorus",NA,"ff90b050-c256-11db-b71b-b8a03c50a862",NA,NA,"939","J.A. Morales O.","efae83482864cfb7d13c9f8578323268",38,"e081c7d7-2dab-42fd-94c4-9f275767fe7d","FCN-UAQ","53",NA,FALSE,"MX",FALSE,"DD",1895258735,"Animalia",1,"es","2023-08-31T07:07:40.492+00:00","2024-01-25T01:28:18.705+00:00","2024-01-25T01:28:18.705+00:00",20.721028,"http://creativecommons.org/licenses/by/4.0/legalcode","Arroyo sin nombre a 5 km de Helochitlan","11",NA,-98.716972,"2021-03-19T00:00:00.000+00:00",12,"Fricke, Eschmeyer & van der Laan, 2020","0",NA,"efae83482864cfb7d13c9f8578323268",NA,"PRESENT","Cyprinodontiformes",547,"Facultad de Ciencias Naturales, Universidad Autónoma de Querétaro","Xiphophorus","Chordata",44,NA,"Alcohol 70%","Xiphophorus malinche Rauchenberger, Klaus, Kallman & Mozirot, 1990 detrminó Identificadores 3 fecha: 2001.1.15","SNIB-S172-S172210F-ND","EML","LATIN_AMERICA","MX","ff90b050-c256-11db-b71b-b8a03c50a862","P.J. Gutiérrez Y.; J.A. Morales O.",NA,"Comisión Nacional para el Conocimiento y Uso de la Biodiversidad (CONABIO)","Xiphophorus malinche Rauchenberger, Kallman & Morizot, 1990","377","MALE","Xiphophorus malinche",2350179,"malinche",348,"64cebcde1fefe69405dc107f55749ed6",2350179,"ACCEPTED","SPECIES",NA,"Event",NA,"grados minutos segundos",NA,NA,NA,"espada de Malinche",NA,2000,2024-08-29
"31","Xiphophorus malinche","Xiphophorus malinche Rauchenberger, Kallman & Morizot, 1990",2350179,NA,"Hidalgo","CALNALI","Rauchenberger,M., K. D. Kallman & D. C. Morizot. 1990. Monophyly and Geography of the Rio Panuco Basin Swordtails (Genus Xiphophorus) with Descriptions of Four New Species. American Museum Novitates. (2975):1-141. American Museum of Natural History, U.S.A.","PRESERVED_SPECIMEN","Soto-Galera, E., L. Alcántara-Soria & J. Paulo-Maya. 2018. Estado actual, identificación de riesgos y propuestas para el manejo de las especies invasoras presentes en las regiones hidrológicas prioritarias, Confluencia de las Huastecas, Media Luna y Cabecera del río de La Laja. Escuela Nacional de Ciencias Biológicas. Instituto Politécnico Nacional. Base de datos SNIB-CONABIO, Proyecto No. LI038, HA026, FM027, FM017, W040, Y026, T027, S115, L051 y P006. Ciudad de México","P4850","Afluente del río Calnalí debajo del puente a 0.88 km al SO de Calnalí, poza debajo de la caída del agua, Hidalgo, CALNALI, Mexico, NORTH_AMERICA","ENCB-IPN-P","37",NA,"NORTH_AMERICA",80,"Mexico",161,"5417790df262a41845ea89fe27cdb4c0","ec79bfca-83fc-4f89-baad-9a76d320953b","Estado actual, identificación de riesgos y propuestas para el manejo de las especies invasoras presentes en las regiones hidrológicas prioritarias, confluencia de las Huastecas, Media Luna y Cabecera del río de La Laja",NA,21,0,0,NA,"TipoVegetacion / Otras comunidades leñosas Otros Datos Ejemplar / Capturista: lilian Otros Datos Ejemplar / FechaCapturaEjemplar: 05/09/2011 02:06:37 p. m. Otros Datos Ejemplar / MicroHabitat: Poza debajo de la caída de agua",525,525,172,NA,"1999-06-21",NA,"Poeciliidae",7659,"16","Mexico","2629259682","LATIN_AMERICA","Xiphophorus","Xiphophorus",2350152,"WGS84","Geoposicionador, Magellan Meridian Platinum, 10","Arroyo","Animalia; Chordata; Osteichthyes; Cyprinodontiformes; Poeciliidae; Xiphophorus",NA,"ff90b050-c256-11db-b71b-b8a03c50a862",NA,NA,"14547","Soria-Barreto, M.; Soto-Galera, E.","9a8bd049005e48a8631a6eae3f256aa6",1,"e081c7d7-2dab-42fd-94c4-9f275767fe7d","ENCB-IPN","17","e89b5741-a9de-46c8-9acf-01e785bc36ab",FALSE,"MX",FALSE,"DD",2629259682,"Animalia",1,"es","2023-08-31T06:54:40.190+00:00","2024-01-25T01:47:45.857+00:00","2024-01-25T01:47:45.857+00:00",20.908333,"http://creativecommons.org/licenses/by/4.0/legalcode","Afluente del río Calnalí debajo del puente a 0.88 km al SO de Calnalí, poza debajo de la caída del agua","3347",NA,-98.621389,"2021-03-19T00:00:00.000+00:00",6,"Fricke, Eschmeyer & van der Laan, 2020","0",NA,"9a8bd049005e48a8631a6eae3f256aa6",NA,"PRESENT","Cyprinodontiformes",547,"Escuela Nacional de Ciencias Biológicas, Instituto Politécnico Nacional","Xiphophorus","Chordata",44,NA,"Formol al 10%",NA,"SNIB-LI038-LI0381806F_SIB2018.10.02-ND","EML","LATIN_AMERICA","MX","ff90b050-c256-11db-b71b-b8a03c50a862","Soto-Galera, E.; Paulo-Maya, J.; Soria-Barreto, M.; Rangel-Cota, G.; Méndez-Sánchez, J. F.; Hernández-Hernández, M. A.",NA,"Comisión Nacional para el Conocimiento y Uso de la Biodiversidad (CONABIO)","Xiphophorus malinche Rauchenberger, Kallman & Morizot, 1990","161593",NA,"Xiphophorus malinche",2350179,"malinche",172,"606bb33dc6a53d80c6f2829fb846dfa6",2350179,"ACCEPTED","SPECIES",NA,"Event",NA,"grados minutos segundos",NA,NA,NA,"espada de Malinche, highland swordtail, livebearers",NA,1999,2024-08-29
"34","Xiphophorus malinche","Xiphophorus malinche Rauchenberger, Kallman & Morizot, 1990",2350179,NA,"Hidalgo","ATLAPEXCO","Rauchenberger,M., K. D. Kallman & D. C. Morizot. 1990. Monophyly and Geography of the Rio Panuco Basin Swordtails (Genus Xiphophorus) with Descriptions of Four New Species. American Museum Novitates. (2975):1-141. American Museum of Natural History, U.S.A.","PRESERVED_SPECIMEN","Soto-Galera, E., L. Alcántara-Soria & J. Paulo-Maya. 2018. Estado actual, identificación de riesgos y propuestas para el manejo de las especies invasoras presentes en las regiones hidrológicas prioritarias, Confluencia de las Huastecas, Media Luna y Cabecera del río de La Laja. Escuela Nacional de Ciencias Biológicas. Instituto Politécnico Nacional. Base de datos SNIB-CONABIO, Proyecto No. LI038, HA026, FM027, FM017, W040, Y026, T027, S115, L051 y P006. Ciudad de México","P4841","Río Atlapexco, debajo del puente a 1 km al NE de Atlapexco, zona de rápidos, Hidalgo, ATLAPEXCO, Mexico, NORTH_AMERICA","ENCB-IPN-P","37",NA,"NORTH_AMERICA",80,"Mexico",161,"5417790df262a41845ea89fe27cdb4c0","ec79bfca-83fc-4f89-baad-9a76d320953b","Estado actual, identificación de riesgos y propuestas para el manejo de las especies invasoras presentes en las regiones hidrológicas prioritarias, confluencia de las Huastecas, Media Luna y Cabecera del río de La Laja",NA,20,0,0,NA,"TipoVegetacion / Otras comunidades leñosas Otros Datos Ejemplar / Capturista: lilian Otros Datos Ejemplar / FechaCapturaEjemplar: 05/09/2011 02:06:37 p. m. Otros Datos Ejemplar / MicroHabitat: Zona de rápidos",40,40,171,NA,"1999-06-20",NA,"Poeciliidae",7659,"7","Mexico","2629255301","LATIN_AMERICA","Xiphophorus","Xiphophorus",2350152,"WGS84","Geoposicionador, Magellan Meridian Platinum, 10","Río","Animalia; Chordata; Osteichthyes; Cyprinodontiformes; Poeciliidae; Xiphophorus",NA,"ff90b050-c256-11db-b71b-b8a03c50a862",NA,NA,"14511","Soria-Barreto, M.; Soto-Galera, E.","d02efed6abcd6af84ed45732dcfe6e4d",1,"e081c7d7-2dab-42fd-94c4-9f275767fe7d","ENCB-IPN","17","e89b5741-a9de-46c8-9acf-01e785bc36ab",FALSE,"MX",FALSE,"DD",2629255301,"Animalia",1,"es","2023-08-31T06:54:40.190+00:00","2024-01-25T01:47:42.876+00:00","2024-01-25T01:47:42.876+00:00",21.016667,"http://creativecommons.org/licenses/by/4.0/legalcode","Río Atlapexco, debajo del puente a 1 km al NE de Atlapexco, zona de rápidos","3338",NA,-98.339167,"2021-03-19T00:00:00.000+00:00",6,"Fricke, Eschmeyer & van der Laan, 2020","0",NA,"d02efed6abcd6af84ed45732dcfe6e4d",NA,"PRESENT","Cyprinodontiformes",547,"Escuela Nacional de Ciencias Biológicas, Instituto Politécnico Nacional","Xiphophorus","Chordata",44,NA,"Formol al 10%",NA,"SNIB-LI038-LI0381806F_SIB2018.10.02-ND","EML","LATIN_AMERICA","MX","ff90b050-c256-11db-b71b-b8a03c50a862","Soto-Galera, E.; Paulo-Maya, J.; Soria-Barreto, M.; Rangel-Cota, G.; Méndez-Sánchez, J. F.; Hernández-Hernández, M. A.",NA,"Comisión Nacional para el Conocimiento y Uso de la Biodiversidad (CONABIO)","Xiphophorus malinche Rauchenberger, Kallman & Morizot, 1990","161593","FEMALE","Xiphophorus malinche",2350179,"malinche",171,"606bb33dc6a53d80c6f2829fb846dfa6",2350179,"ACCEPTED","SPECIES",NA,"Event",NA,"grados minutos segundos",NA,NA,NA,"espada de Malinche, highland swordtail, livebearers",NA,1999,2024-08-29
"35","Xiphophorus malinche","Xiphophorus malinche Rauchenberger, Kallman & Morizot, 1990",2350179,NA,"Hidalgo","ATLAPEXCO","Rauchenberger,M., K. D. Kallman & D. C. Morizot. 1990. Monophyly and Geography of the Rio Panuco Basin Swordtails (Genus Xiphophorus) with Descriptions of Four New Species. American Museum Novitates. (2975):1-141. American Museum of Natural History, U.S.A.","PRESERVED_SPECIMEN","Soto-Galera, E., L. Alcántara-Soria & J. Paulo-Maya. 2018. Estado actual, identificación de riesgos y propuestas para el manejo de las especies invasoras presentes en las regiones hidrológicas prioritarias, Confluencia de las Huastecas, Media Luna y Cabecera del río de La Laja. Escuela Nacional de Ciencias Biológicas. Instituto Politécnico Nacional. Base de datos SNIB-CONABIO, Proyecto No. LI038, HA026, FM027, FM017, W040, Y026, T027, S115, L051 y P006. Ciudad de México","P4842","Río Atlapexco, debajo del puente a 1 km al NE de Atlapexco, orilla rocosa, Hidalgo, ATLAPEXCO, Mexico, NORTH_AMERICA","ENCB-IPN-P","37",NA,"NORTH_AMERICA",80,"Mexico",161,"5417790df262a41845ea89fe27cdb4c0","ec79bfca-83fc-4f89-baad-9a76d320953b","Estado actual, identificación de riesgos y propuestas para el manejo de las especies invasoras presentes en las regiones hidrológicas prioritarias, confluencia de las Huastecas, Media Luna y Cabecera del río de La Laja",NA,20,0,0,NA,"TipoVegetacion / Otras comunidades leñosas Otros Datos Ejemplar / Capturista: lilian Otros Datos Ejemplar / FechaCapturaEjemplar: 05/09/2011 02:06:37 p. m. Otros Datos Ejemplar / MicroHabitat: Orilla rocosa",140,140,171,NA,"1999-06-20",NA,"Poeciliidae",7659,"8","Mexico","2629252570","LATIN_AMERICA","Xiphophorus","Xiphophorus",2350152,"WGS84","Geoposicionador, Magellan Meridian Platinum, 10","Río","Animalia; Chordata; Osteichthyes; Cyprinodontiformes; Poeciliidae; Xiphophorus",NA,"ff90b050-c256-11db-b71b-b8a03c50a862",NA,NA,"14519","Soria-Barreto, M.; Soto-Galera, E.","fdd82f8b0037fe808a366503f126350e",1,"e081c7d7-2dab-42fd-94c4-9f275767fe7d","ENCB-IPN","17","e89b5741-a9de-46c8-9acf-01e785bc36ab",FALSE,"MX",FALSE,"DD",2629252570,"Animalia",1,"es","2023-08-31T06:54:40.190+00:00","2024-01-25T01:47:45.707+00:00","2024-01-25T01:47:45.707+00:00",21.016389,"http://creativecommons.org/licenses/by/4.0/legalcode","Río Atlapexco, debajo del puente a 1 km al NE de Atlapexco, orilla rocosa","3340",NA,-98.338889,"2021-03-19T00:00:00.000+00:00",6,"Fricke, Eschmeyer & van der Laan, 2020","0",NA,"fdd82f8b0037fe808a366503f126350e",NA,"PRESENT","Cyprinodontiformes",547,"Escuela Nacional de Ciencias Biológicas, Instituto Politécnico Nacional","Xiphophorus","Chordata",44,NA,"Formol al 10%",NA,"SNIB-LI038-LI0381806F_SIB2018.10.02-ND","EML","LATIN_AMERICA","MX","ff90b050-c256-11db-b71b-b8a03c50a862","Soto-Galera, E.; Paulo-Maya, J.; Soria-Barreto, M.; Rangel-Cota, G.; Méndez-Sánchez, J. F.; Hernández-Hernández, M. A.",NA,"Comisión Nacional para el Conocimiento y Uso de la Biodiversidad (CONABIO)","Xiphophorus malinche Rauchenberger, Kallman & Morizot, 1990","161593","FEMALE","Xiphophorus malinche",2350179,"malinche",171,"606bb33dc6a53d80c6f2829fb846dfa6",2350179,"ACCEPTED","SPECIES",NA,"Event",NA,"grados minutos segundos",NA,NA,NA,"espada de Malinche, highland swordtail, livebearers",NA,1999,2024-08-29
"36","Xiphophorus malinche","Xiphophorus malinche Rauchenberger, Kallman & Morizot, 1990",2350179,NA,"Hidalgo","SAN FELIPE ORIZATLAN",NA,"PRESERVED_SPECIMEN","Salgado-Maldonado G. 2000. Indice de integridad biótica para comunidades de peces de la región alta del Río Pánuco. Instituto de Biología. Universidad Nacional Autónoma de México. Bases de datos SNIB-CONABIO, proyecto L281. México, D. F.","P4790","Tributario del río Acamaluco en Huextetitlán, a 4.3 km al NE de Huejutla de Reyes, Hidalgo, SAN FELIPE ORIZATLAN, Mexico, NORTH_AMERICA","ENCB-IPN-P","37",NA,"NORTH_AMERICA",80,"Mexico",289,"4046317afbdf15c29dc1c190493c847f","3807b7c3-d2b5-4855-b1ed-f30b0371bc87","Indice de integridad biótica para comunidades de peces de la región alta del Río Pánuco",NA,28,0,0,NA,"Otros campos / CalifDeLaDeterminacion: Confiable Otros campos / FechaCapturaEjemplar: 10/10/1998 04:53:54 p.m. Otros campos / Capturista: MSB",98.5,98.5,87,NA,"1998-03-28","00:00:00","Poeciliidae",7659,"9","Mexico","1895583715","LATIN_AMERICA","Xiphophorus","Xiphophorus",2350152,"WGS84","Geoposicionador, NAV 5000 DX, 20 METROS","NO APLICA","Animalia; Chordata; Osteichthyes; Cyprinodontiformes; Poeciliidae; Xiphophorus",NA,"ff90b050-c256-11db-b71b-b8a03c50a862",NA,NA,"240","MSB","314078d34e179d1bbb5fbd83c54bf84e",1,"e081c7d7-2dab-42fd-94c4-9f275767fe7d","ENCB-IPN","17","e89b5741-a9de-46c8-9acf-01e785bc36ab",FALSE,"MX",FALSE,"DD",1895583715,"Animalia",1,"es","2023-08-31T07:11:39.399+00:00","2024-01-24T17:26:02.740+00:00","2024-01-24T17:26:02.740+00:00",21.1625,"http://creativecommons.org/licenses/by/4.0/legalcode","Tributario del río Acamaluco en Huextetitlán, a 4.3 km al NE de Huejutla de Reyes","57",NA,-98.557778,"2021-03-19T00:00:00.000+00:00",3,"Fricke, Eschmeyer & van der Laan, 2020","0",NA,"314078d34e179d1bbb5fbd83c54bf84e","NO DISPONIBLE","PRESENT","Cyprinodontiformes",547,"Escuela Nacional de Ciencias Biológicas, Instituto Politécnico Nacional","Xiphophorus","Chordata",44,NA,"Formalina",NA,"SNIB-L281-L281907H-hospederos","EML","LATIN_AMERICA","MX","ff90b050-c256-11db-b71b-b8a03c50a862","ESG; AAGD; MSB; LAS",NA,"Comisión Nacional para el Conocimiento y Uso de la Biodiversidad (CONABIO)","Xiphophorus malinche Rauchenberger, Kallman & Morizot, 1990","19576","MALE","Xiphophorus malinche",2350179,"malinche",87,"be302fd0ff7fc9bc99e8a9a196e5b85d",2350179,"ACCEPTED","SPECIES",NA,"Event",NA,"grados minutos segundos",NA,NA,NA,"espada de Malinche",NA,1998,2024-08-29
"37","Xiphophorus malinche","Xiphophorus malinche Rauchenberger, Kallman & Morizot, 1990",2350179,NA,"Hidalgo","TIANGUISTENGO",NA,"PRESERVED_SPECIMEN","Salgado-Maldonado G. 2000. Indice de integridad biótica para comunidades de peces de la región alta del Río Pánuco. Instituto de Biología. Universidad Nacional Autónoma de México. Bases de datos SNIB-CONABIO, proyecto L281. México, D. F.","P4763","Arroyo Tenango, a 3.75 Km al NO de Tianguistengo, Hidalgo, TIANGUISTENGO, Mexico, NORTH_AMERICA","ENCB-IPN-P","37",NA,"NORTH_AMERICA",80,"Mexico",289,"4046317afbdf15c29dc1c190493c847f","3807b7c3-d2b5-4855-b1ed-f30b0371bc87","Indice de integridad biótica para comunidades de peces de la región alta del Río Pánuco",NA,26,0,0,NA,"Otros campos / CalifDeLaDeterminacion: Confiable Otros campos / FechaCapturaEjemplar: 09/10/1998 01:23:44 p.m. Otros campos / Capturista: LAS",645,645,85,NA,"1998-03-26","00:00:00","Poeciliidae",7659,"1","Mexico","1895583719","LATIN_AMERICA","Xiphophorus","Xiphophorus",2350152,"WGS84","Geoposicionador, NAV 5000 DX, 20 METROS","NO APLICA","Animalia; Chordata; Osteichthyes; Cyprinodontiformes; Poeciliidae; Xiphophorus",NA,"ff90b050-c256-11db-b71b-b8a03c50a862",NA,NA,"113","MSB","31f46d3e61cb442fc6fe18faee34f807",75,"e081c7d7-2dab-42fd-94c4-9f275767fe7d","ENCB-IPN","17","e89b5741-a9de-46c8-9acf-01e785bc36ab",FALSE,"MX",FALSE,"DD",1895583719,"Animalia",1,"es","2023-08-31T07:11:39.399+00:00","2024-01-24T17:26:01.855+00:00","2024-01-24T17:26:01.855+00:00",20.724444,"http://creativecommons.org/licenses/by/4.0/legalcode","Arroyo Tenango, a 3.75 Km al NO de Tianguistengo","31",NA,-98.642778,"2021-03-19T00:00:00.000+00:00",3,"Fricke, Eschmeyer & van der Laan, 2020","0",NA,"31f46d3e61cb442fc6fe18faee34f807","NO DISPONIBLE","PRESENT","Cyprinodontiformes",547,"Escuela Nacional de Ciencias Biológicas, Instituto Politécnico Nacional","Xiphophorus","Chordata",44,NA,"Formalina",NA,"SNIB-L281-L281907H-hospederos","EML","LATIN_AMERICA","MX","ff90b050-c256-11db-b71b-b8a03c50a862","ESG; AAGD",NA,"Comisión Nacional para el Conocimiento y Uso de la Biodiversidad (CONABIO)","Xiphophorus malinche Rauchenberger, Kallman & Morizot, 1990","19576",NA,"Xiphophorus malinche",2350179,"malinche",85,"be302fd0ff7fc9bc99e8a9a196e5b85d",2350179,"ACCEPTED","SPECIES",NA,"Event",NA,"grados minutos segundos",NA,NA,NA,"espada de Malinche",NA,1998,2024-08-29
"38","Xiphophorus malinche","Xiphophorus malinche Rauchenberger, Kallman & Morizot, 1990",2350179,NA,"Hidalgo","TIANGUISTENGO","Álvarez-del Villar, J. 1970. Peces mexicanos (claves). Secretaría de Industria y Comercio, Dirección General de Pesca e Industrias Conexas, México, D.F. 165 pp. | Espinosa, P.H., Fuentes, P. M. & Gaspar, M. T. 1993. Publicaciones Especiales del Instituto de Biología. Listados Faunísticos de México. III. Peces dulceacuícolas mexicanos. Universidad Nacional Autónoma de México, México, 100 pp. | Miller, R. R., Minckley, W. L. & Norris, S. M. 2005. Freshwater fishes of Mexico. The University of Chicago Press, U.S.A. Chicago, IL. 652 pp.","PRESERVED_SPECIMEN","Díaz-Pardo E. 2009. Sistematización de la colección de peces del centro de México. Colección BUAQ-P. Facultad de Ciencias Naturales. Universidad Autónoma de Querétaro. Bases de datos SNIB-CONABIO, proyecto EC007. México, D. F.","UAQ-P-117","Arroyo Tenango a 3.75 km, al noroeste de Tianguistengo, Hidalgo, TIANGUISTENGO, Mexico, NORTH_AMERICA","BUAQ-P","204",NA,"NORTH_AMERICA",80,"Mexico",290,"e40d743ad946e2d78ec2591c59268ac3","e8989ab2-94dc-4570-9783-c3ab92300872","Sistematización de la colección de peces del centro de México",NA,26,0,0,NA,"Otros Datos Ejemplar / Capturista: julieta Otros Datos Ejemplar / FechaCapturaEjemplar: 20/11/2007 11:40:00 a.m.",0,0,177,NA,"1998-06-26","00:00:00","Poeciliidae",7659,"NO DISPONIBLE","Mexico","1894766213","LATIN_AMERICA","Xiphophorus","Xiphophorus",2350152,"WGS84","Geoposicionador, Garmin etrex Legend., 5",NA,"Animalia; Chordata; Osteichthyes; Cyprinodontiformes; Poeciliidae; Xiphophorus",NA,"ff90b050-c256-11db-b71b-b8a03c50a862",NA,NA,"66","Díaz-Pardo E.","cd80b4748c45db760e0ee97d83ea9e84",25,"e081c7d7-2dab-42fd-94c4-9f275767fe7d","FCN-UAQ","53",NA,FALSE,"MX",FALSE,"DD",1894766213,"Animalia",1,"es","2023-08-31T07:04:28.109+00:00","2024-01-25T01:35:56.270+00:00","2024-01-25T01:35:56.270+00:00",20.757778,"http://creativecommons.org/licenses/by/4.0/legalcode","Arroyo Tenango a 3.75 km, al noroeste de Tianguistengo","233",NA,-98.642778,"2021-03-19T00:00:00.000+00:00",6,"Fricke, Eschmeyer & van der Laan, 2020","0",NA,"cd80b4748c45db760e0ee97d83ea9e84",NA,"PRESENT","Cyprinodontiformes",547,"Facultad de Ciencias Naturales, Universidad Autónoma de Querétaro","Xiphophorus","Chordata",44,NA,"Alcohol isopropílico 70%",NA,"SNIB-EC007-EC0070911F_Corregida-ND","EML","LATIN_AMERICA","MX","ff90b050-c256-11db-b71b-b8a03c50a862","Díaz-Pardo E.; Mejía H.; Urbano H.; Rivas J. M.; Gutiérrez A.",NA,"Comisión Nacional para el Conocimiento y Uso de la Biodiversidad (CONABIO)","Xiphophorus malinche Rauchenberger, Kallman & Morizot, 1990","5020",NA,"Xiphophorus malinche",2350179,"malinche",177,"fe6e3c107e4bdaca3ebd36efbd3e7ae1",2350179,"ACCEPTED","SPECIES",NA,"Event",NA,"grados minutos segundos",NA,NA,NA,"espada de Malinche",NA,1998,2024-08-29
"39","Xiphophorus malinche","Xiphophorus malinche Rauchenberger, Kallman & Morizot, 1990",2350179,NA,"Hidalgo","CALNALI",NA,"PRESERVED_SPECIMEN","Salgado-Maldonado G. 2000. Indice de integridad biótica para comunidades de peces de la región alta del Río Pánuco. Instituto de Biología. Universidad Nacional Autónoma de México. Bases de datos SNIB-CONABIO, proyecto L281. México, D. F.","P4787","Afluente del río Calnalí, debajo del puente, a 0.88 Km al SO de Calnalí, zona de rápidos, Hidalgo, CALNALI, Mexico, NORTH_AMERICA","ENCB-IPN-P","37",NA,"NORTH_AMERICA",80,"Mexico",289,"4046317afbdf15c29dc1c190493c847f","3807b7c3-d2b5-4855-b1ed-f30b0371bc87","Indice de integridad biótica para comunidades de peces de la región alta del Río Pánuco",NA,20,0,0,NA,"Otros campos / CalifDeLaDeterminacion: Confiable Otros campos / FechaCapturaEjemplar: 10/10/1998 02:23:13 p.m. Otros campos / Capturista: MSB",507.5,507.5,263,NA,"1998-09-20","00:00:00","Poeciliidae",7659,"14","Mexico","1895583723","LATIN_AMERICA","Xiphophorus","Xiphophorus",2350152,"WGS84","Geoposicionador, NAV 5000 DX, 20 METROS","NO APLICA","Animalia; Chordata; Osteichthyes; Cyprinodontiformes; Poeciliidae; Xiphophorus",NA,"ff90b050-c256-11db-b71b-b8a03c50a862",NA,NA,"199","MSB","5ccd8e9c5d1f59e74509b4c5cfc3d1ec",27,"e081c7d7-2dab-42fd-94c4-9f275767fe7d","ENCB-IPN","17","e89b5741-a9de-46c8-9acf-01e785bc36ab",FALSE,"MX",FALSE,"DD",1895583723,"Animalia",1,"es","2023-08-31T07:11:39.399+00:00","2024-01-24T17:26:02.733+00:00","2024-01-24T17:26:02.733+00:00",20.896111,"http://creativecommons.org/licenses/by/4.0/legalcode","Afluente del río Calnalí, debajo del puente, a 0.88 Km al SO de Calnalí, zona de rápidos","48",NA,-98.615556,"2021-03-19T00:00:00.000+00:00",9,"Fricke, Eschmeyer & van der Laan, 2020","0",NA,"5ccd8e9c5d1f59e74509b4c5cfc3d1ec","NO DISPONIBLE","PRESENT","Cyprinodontiformes",547,"Escuela Nacional de Ciencias Biológicas, Instituto Politécnico Nacional","Xiphophorus","Chordata",44,NA,"Formalina",NA,"SNIB-L281-L281907H-hospederos","EML","LATIN_AMERICA","MX","ff90b050-c256-11db-b71b-b8a03c50a862","ESG; AAGD; MSB",NA,"Comisión Nacional para el Conocimiento y Uso de la Biodiversidad (CONABIO)","Xiphophorus malinche Rauchenberger, Kallman & Morizot, 1990","19576",NA,"Xiphophorus malinche",2350179,"malinche",263,"be302fd0ff7fc9bc99e8a9a196e5b85d",2350179,"ACCEPTED","SPECIES",NA,"Event",NA,"grados minutos segundos",NA,NA,NA,"espada de Malinche",NA,1998,2024-08-29
"41",NA,"Xiphophorus malinche Rauchenberger, Kallman & Morizot, 1990",2350179,NA,"Hidalgo",NA,NA,"PRESERVED_SPECIMEN",NA,"223206","Rio Claro at Tlatzintla; Rio Panuco drainage, Hidalgo, Mexico, NORTH_AMERICA","ummz_fish",NA,"63bd995d-b48c-425d-bb55-04ce8477116d","NORTH_AMERICA",NA,"Mexico",341,NA,"59825263-9f89-43a9-8f22-c22a6a53b8fc","Fish",NA,18,NA,NA,NA,NA,NA,NA,49,NA,"1988-02-18",NA,"Poeciliidae",7659,"Z223206","Mexico","1889123182","LATIN_AMERICA","Xiphophorus","Xiphophorus",2350152,"WGS84",NA,NA,NA,NA,"a5486e02-d249-4809-9273-deac47fb11e0",NA,NA,NA,NA,"215420c0-3842-4938-90d3-61bd3d231a0f",NA,"cfbb523a-883c-48db-8258-dcfe32b11d64","UMMZ",NA,"2a508411-2acd-45df-8a8b-00094ac65f87",FALSE,"MX",FALSE,"DD",1889123182,"Animalia",1,NA,"2024-08-01T04:03:06.649+00:00","2024-08-01T04:07:57.903+00:00","2024-08-01T04:07:57.903+00:00",20.898596,"http://creativecommons.org/licenses/by/4.0/legalcode","Rio Claro at Tlatzintla; Rio Panuco drainage",NA,"** and A Basolo.",-98.800054,NA,2,NA,NA,NA,"215420c0-3842-4938-90d3-61bd3d231a0f","Douglas Nelson","PRESENT","Cyprinodontiformes",547,NA,NA,"Chordata",44,NA,"EtOH - 9",NA,NA,"EML","NORTH_AMERICA","US","6ea87510-0561-11d8-b851-b8a03c50a862","KD Kallman, DC Morizot, M Rauchenberger **",NA,NA,"Xiphophorus malinche Rauchenberger, Kallman & Morizot, 1990",NA,NA,"Xiphophorus malinche",2350179,"malinche",49,NA,2350179,"ACCEPTED","SPECIES","1 ad. male, 4 ad. females, 4 juvs.",NA,"PARATYPE",NA,NA,NA,NA,NA,NA,1988,2024-08-29
"48",NA,"Xiphophorus malinche Rauchenberger, Kallman & Morizot, 1990",2350179,NA,"Hid",NA,NA,"PRESERVED_SPECIMEN",NA,"145664","Chicayotla (río Calnali), Hid, Mexico, NORTH_AMERICA","PEMX",NA,NA,"NORTH_AMERICA",10,"Mexico",259,NA,"28c1c18b-64d8-4691-acdb-73e5653292f8",NA,NA,NA,NA,NA,"in collection",NA,1030,0,NA,NA,NA,NA,"Poeciliidae",7659,NA,"Mexico","892756525","LATIN_AMERICA","Xiphophorus","Xiphophorus",2350152,"WGS84",NA,NA,NA,NA,"6c4a0bb0-2a4d-11d8-aa2d-b8a03c50a862",NA,NA,NA,"R. Miranda","MZNA:PEMX:145664",2,"2a3f6a56-7591-4f05-8c4c-a1bb77aa4ea6","MZNA",NA,"3a4aa42d-40e6-4a74-b8e4-93be6cd5e080",FALSE,"MX",FALSE,"DD",892756525,"Animalia",1,NA,"2023-01-08T01:29:51.265+00:00","2024-01-24T16:54:32.292+00:00","2024-01-24T16:54:32.292+00:00",20.925,"http://creativecommons.org/licenses/by-nc/4.0/legalcode","Chicayotla (río Calnali)",NA,NA,-98.57667,"2013-09-18T17:23:16.000+00:00",NA,NA,NA,NA,NA,"Habitat: río","PRESENT","Cyprinodontiformes",547,"UAEH",NA,"Chordata",44,"1","whole animal",NA,NA,"EML","EUROPE","ES","2f390a80-56f3-11da-880b-b8a03c50a862","R.Miranda & P.Leunda",NA,NA,"Xiphophorus malinche Rauchenberger, Kallman & Morizot, 1990",NA,"MALE","Xiphophorus malinche",2350179,"malinche",NA,NA,2350179,"ACCEPTED","SPECIES",NA,NA,NA,NA,"1030","081120",NA,NA,NA,NA,2024-08-29
