"","acceptedNameUsage","acceptedScientificName","acceptedTaxonKey","accessRights","adm1","adm2","associatedReferences","associatedSequences","basisOfRecord","bibliographicCitation","catalogNumber","cloc","collectionCode","collectionID","collectionKey","continent","coordinatePrecision","coordinateUncertaintyInMeters","country","crawlId","datasetID","datasetKey","datasetName","dateIdentified","day","depth","depthAccuracy","disposition","dynamicProperties","elevation","elevationAccuracy","endDayOfYear","establishmentMeans","eventDate","eventRemarks","eventTime","family","familyKey","fieldNumber","fullCountry","gbifID","gbifRegion","genericName","genus","genusKey","geodeticDatum","georeferencedBy","georeferencedDate","georeferenceProtocol","georeferenceRemarks","georeferenceSources","georeferenceVerificationStatus","habitat","higherClassification","higherGeography","hostingOrganizationKey","http://unknown.org/captive","http://unknown.org/nick","identificationID","identificationRemarks","identifiedBy","identifier","individualCount","installationKey","institutionCode","institutionID","institutionKey","isInCluster","ISO2","isSequenced","iucnRedListCategory","key","kingdom","kingdomKey","language","lastCrawled","lastInterpreted","lastParsed","lat","license","locality","locationID","locationRemarks","lon","modified","month","nameAccordingTo","namePublishedIn","namePublishedInYear","nomenclaturalCode","occurrenceID","occurrenceRemarks","occurrenceStatus","order","orderKey","otherCatalogNumbers","ownerInstitutionCode","parentNameUsage","phylum","phylumKey","preparations","projectId","protocol","publishedByGbifRegion","publishingCountry","publishingOrgKey","recordedBy","references","rightsHolder","samplingProtocol","scientificName","scientificNameID","sex","species","speciesKey","specificEpithet","startDayOfYear","taxonConceptID","taxonID","taxonKey","taxonomicStatus","taxonRank","taxonRemarks","type","typeStatus","verbatimCoordinateSystem","verbatimDepth","verbatimEventDate","verbatimLocality","vernacularName","waterBody","year","downloadDate"
"1","Xiphophorus pygmaeus","Xiphophorus pygmaeus Hubbs & Gordon, 1943",2350195,NA,"San luis potosi","XILITLA",NA,NA,"PRESERVED_SPECIMEN","Mejía O., E. Soto-Galera y Y. León-Romero. 2012. Genotipificación de especies de la ictiofauna del Sistema Pánuco-Tamesí a través de la generación del código de barras de ADN mitocondrial. Escuela Nacional de Ciencias Biológicas. Instituto Politécnico Nacional. Bases de datos SNIB-CONABIO, proyecto HB038. México, D. F.","P6116","Rio Huichihuayan a 10 km al NE de Xilitla, San luis potosi, XILITLA, Mexico, NORTH_AMERICA","ENCB-IPN-P","37",NA,"NORTH_AMERICA",NA,NA,"Mexico",328,"10b1654bc39960938caa6ef0f6022f44","50efc135-cd5f-4282-b38b-1f73be8affe1","Genotipificación de especies de la ictiofauna del Sistema Pánuco-Tamesí a través de la generación del código de barras de ADN mitocondrial",NA,6,0,0,NA,"Otros campos / Reproduction -Tipo de reproducción del ejemplar. S (Sexual), A (Asexual) o C (Partenogénesis cíclica): S Otros campos / Voucher Type - Tipo de voucher: Vouchered (registered collection) Otros campos / Tissue Type - Tipo de tejido: muscle Otros campos / Identifier email - Correo electrónico del determinador: egalera@ipn.mx",44,44,96,NA,"2010-04-06",NA,"00:00:00","Poeciliidae",7659,"loc140604101","Mexico","4399492304","LATIN_AMERICA","Xiphophorus","Xiphophorus",2350152,"WGS84",NA,NA,NA,NA,NA,NA,NA,"Animalia; Chordata; Osteichthyes; Cyprinodontiformes; Poeciliidae; Xiphophorus",NA,"ff90b050-c256-11db-b71b-b8a03c50a862",NA,NA,"305",NA,"Eduardo Soto Galera","10b1654bc39960938caa6ef0f6022f44",NA,"e081c7d7-2dab-42fd-94c4-9f275767fe7d","ENCB-IPN","17","e89b5741-a9de-46c8-9acf-01e785bc36ab",FALSE,"MX",FALSE,"DD",4399492304,"Animalia",1,NA,"2024-04-11T19:32:20.465+00:00","2024-04-11T19:34:08.865+00:00","2024-04-11T19:34:08.865+00:00",21.436001,"http://creativecommons.org/licenses/by/4.0/legalcode","Rio Huichihuayan a 10 km al NE de Xilitla","26",NA,-98.932999,"2021-03-19T00:00:00.000+00:00",4,"Fricke, Eschmeyer & van der Laan, 2020",NA,"1943",NA,"10b1654bc39960938caa6ef0f6022f44",NA,"PRESENT","Cyprinodontiformes",547,NA,"Escuela Nacional de Ciencias Biológicas, Instituto Politécnico Nacional","Xiphophorus","Chordata",44,NA,"SNIB-HB038-HB0381107F-ND","EML","LATIN_AMERICA","MX","ff90b050-c256-11db-b71b-b8a03c50a862","Soto-Galera, E.; Paulo-Maya, J.; Romero-Castillo, J.",NA,"Comisión Nacional para el Conocimiento y Uso de la Biodiversidad (CONABIO)",NA,"Xiphophorus pygmaeus Hubbs & Gordon, 1943","23",NA,"Xiphophorus pygmaeus",2350195,"pygmaeus",96,NA,"5e4353544418386dd096a56483a6d8ce",2350195,"ACCEPTED","SPECIES",NA,NA,NA,"grados minutos segundos",NA,NA,NA,"espada pigmea delgada, espada pigmeo delgado",NA,2010,2024-08-29
"2",NA,"BOLD:AAV7258",9959441,NA,"San Luis Potosi",NA,NA,NA,"MATERIAL_SAMPLE",NA,"P6116","Rio Huichihuayan a 10 km al NE de Xilitla, San Luis Potosi, Mexico, NORTH_AMERICA",NA,NA,NA,"NORTH_AMERICA",NA,NA,"Mexico",362,NA,"040c5662-da76-4782-a48e-cdea1892d14c",NA,NA,6,NA,NA,"Vouchered:Registered Collection",NA,88,0,96,NA,"2010-04-06",NA,NA,"Poeciliidae",7659,"loc140604101","Mexico","1414934123","LATIN_AMERICA","BOLD:AAV7258","Xiphophorus",2350152,"WGS84",NA,NA,NA,NA,NA,NA,NA,NA,NA,"fbca90e3-8aed-48b1-84e3-369afbd000ce",NA,NA,NA,NA,"Eduardo Soto Galera","FFPTR219-10",NA,"fb5e4c2a-579c-434b-a446-3a665dd732ad","Instituto Politecnico Nacional, Escuela Nacional de Ciencias Biologicas",NA,NA,TRUE,"MX",TRUE,NA,1414934123,"Animalia",1,NA,"2024-08-28T16:13:13.408+00:00","2024-08-28T18:12:00.462+00:00","2024-08-28T18:12:00.462+00:00",21.436,"http://creativecommons.org/licenses/by/4.0/legalcode","Rio Huichihuayan a 10 km al NE de Xilitla",NA,NA,-98.933,NA,4,NA,NA,NA,NA,"FFPTR219-10","WGS84","PRESENT","Cyprinodontiformes",547,NA,NA,NA,"Chordata",44,NA,NA,"DWC_ARCHIVE",NA,"ZZ","b3bf3a83-1f68-4541-a03f-330d30d567f5","Soto-Galera, E., Paulo-Maya, J., Romero-Castillo, J.","https://boldsystems.org/index.php/Public_RecordView?processid=FFPTR219-10",NA,NA,"BOLD:AAV7258",NA,NA,"Xiphophorus pygmaeus",2350195,NA,96,"http://www.boldsystems.org/index.php/Public_BarcodeCluster?clusteruri=BOLD:AAV7258","BOLD:AAV7258",9959441,"ACCEPTED","UNRANKED",NA,NA,NA,NA,NA,NA,NA,NA,NA,2010,2024-08-29
"4",NA,"Xiphophorus pygmaeus Hubbs & Gordon, 1943",2350195,NA,NA,NA,NA,"https://www.ebi.ac.uk/ena/browser/api/embl/JQ935961","PRESERVED_SPECIMEN",NA,"PTR220","San Luis Potosi, Xilitla, Rio Huichihuayan a 10 km al NE de Xilitla, Mexico, NORTH_AMERICA",NA,NA,NA,"NORTH_AMERICA",NA,NA,"Mexico",180,NA,"d8cd16ba-bb74-4420-821e-083f2bac17c2",NA,NA,6,NA,NA,NA,NA,NA,NA,96,NA,"2010-04-06",NA,NA,"Poeciliidae",7659,NA,"Mexico","3350312623","LATIN_AMERICA","Xiphophorus","Xiphophorus",2350152,"WGS84",NA,NA,NA,NA,NA,NA,NA,NA,NA,"fbca90e3-8aed-48b1-84e3-369afbd000ce",NA,NA,NA,NA,"Eduardo Soto Galera","JQ935961",NA,"17a83780-3060-4851-9d6f-029d5fcb81c9",NA,NA,NA,FALSE,"MX",TRUE,"DD",3350312623,"Animalia",1,NA,"2024-08-24T12:06:18.333+00:00","2024-08-24T12:51:58.855+00:00","2024-08-24T12:51:58.855+00:00",21.44,"http://creativecommons.org/licenses/by/4.0/legalcode","San Luis Potosi, Xilitla, Rio Huichihuayan a 10 km al NE de Xilitla",NA,NA,-98.93,NA,4,NA,NA,NA,NA,"JQ935961","Xiphophorus pygmaeus voucher PTR220 cytochrome oxidase subunit 1 (COI) gene, partial cds mitochondrial.","PRESENT","Cyprinodontiformes",547,NA,NA,NA,"Chordata",44,NA,NA,"EML","EUROPE","GB","ada9d123-ddb4-467d-8891-806ea8d94230","Soto-Galera, E., Paulo-Maya, J., Romero-Castillo, J.","https://www.ebi.ac.uk/ena/browser/view/JQ935961",NA,NA,"Xiphophorus pygmaeus Hubbs & Gordon, 1943",NA,NA,"Xiphophorus pygmaeus",2350195,"pygmaeus",96,"https://www.ebi.ac.uk/ena/browser/view/Taxon:32483","ASV:db8c2aed09e758fc8ce8d0ff8f8c9eb9",2350195,"ACCEPTED","SPECIES",NA,NA,NA,NA,NA,NA,NA,NA,NA,2010,2024-08-29
"6","Xiphophorus pygmaeus","Xiphophorus pygmaeus Hubbs & Gordon, 1943",2350195,NA,"San luis potosi","XILITLA","Miller, R. R., W. L. Minckley & S. M. Norris. 2005. Freshwater Fishes of Mexico. The University of Chicago Press. Chicago. 490 pp.",NA,"PRESERVED_SPECIMEN","Soto-Galera, E., L. Alcántara-Soria & J. Paulo-Maya. 2018. Estado actual, identificación de riesgos y propuestas para el manejo de las especies invasoras presentes en las regiones hidrológicas prioritarias, Confluencia de las Huastecas, Media Luna y Cabecera del río de La Laja. Escuela Nacional de Ciencias Biológicas. Instituto Politécnico Nacional. Base de datos SNIB-CONABIO, Proyecto No. LI038, HA026, FM027, FM017, W040, Y026, T027, S115, L051 y P006. Ciudad de México","P5955","Río en el puente Xilitla, 1 km al SO de la carretera Tamazunchale-Ciudad Valles, San luis potosi, XILITLA, Mexico, NORTH_AMERICA","ENCB-IPN-P","37",NA,"NORTH_AMERICA",NA,70,"Mexico",161,"5417790df262a41845ea89fe27cdb4c0","ec79bfca-83fc-4f89-baad-9a76d320953b","Estado actual, identificación de riesgos y propuestas para el manejo de las especies invasoras presentes en las regiones hidrológicas prioritarias, confluencia de las Huastecas, Media Luna y Cabecera del río de La Laja",NA,21,0,0,NA,"TipoVegetacion / Otras comunidades leñosas Otros Datos Ejemplar / Capturista: soto Otros Datos Ejemplar / FechaCapturaEjemplar: 05/09/2011 02:06:37 p. m.",43,43,52,NA,"2009-02-21",NA,NA,"Poeciliidae",7659,"4","Mexico","2629257781","LATIN_AMERICA","Xiphophorus","Xiphophorus",2350152,"WGS84",NA,NA,NA,NA,"Geoposicionador, Magellan Meridian Platinum, 10",NA,"Río","Animalia; Chordata; Osteichthyes; Cyprinodontiformes; Poeciliidae; Xiphophorus",NA,"ff90b050-c256-11db-b71b-b8a03c50a862",NA,NA,"15769",NA,"Soto-Galera, E.","20536eaf5ca6a546fd88da7b31b5cbca",1,"e081c7d7-2dab-42fd-94c4-9f275767fe7d","ENCB-IPN","17","e89b5741-a9de-46c8-9acf-01e785bc36ab",FALSE,"MX",FALSE,"DD",2629257781,"Animalia",1,"es","2023-08-31T06:54:40.190+00:00","2024-01-25T01:47:45.917+00:00","2024-01-25T01:47:45.917+00:00",21.435556,"http://creativecommons.org/licenses/by/4.0/legalcode","Río en el puente Xilitla, 1 km al SO de la carretera Tamazunchale-Ciudad Valles","3543",NA,-98.933611,"2021-03-19T00:00:00.000+00:00",2,"Fricke, Eschmeyer & van der Laan, 2020",NA,"0",NA,"20536eaf5ca6a546fd88da7b31b5cbca",NA,"PRESENT","Cyprinodontiformes",547,NA,"Escuela Nacional de Ciencias Biológicas, Instituto Politécnico Nacional","Xiphophorus","Chordata",44,"Formol al 10%","SNIB-LI038-LI0381806F_SIB2018.10.02-ND","EML","LATIN_AMERICA","MX","ff90b050-c256-11db-b71b-b8a03c50a862","Soto-Galera, E.; Paulo-Maya, J.; Romero-Castillo, J.",NA,"Comisión Nacional para el Conocimiento y Uso de la Biodiversidad (CONABIO)",NA,"Xiphophorus pygmaeus Hubbs & Gordon, 1943","161602","MALE","Xiphophorus pygmaeus",2350195,"pygmaeus",52,NA,"73770584c2da720fbb9d894be96e3986",2350195,"ACCEPTED","SPECIES",NA,"Event",NA,"grados minutos segundos",NA,NA,NA,"espada pigmea delgada, pygmy swordtail, livebearers, espada pigmea delgada, espada pigmeo delgado",NA,2009,2024-08-29
"7",NA,"Xiphophorus pygmaeus Hubbs & Gordon, 1943",2350195,NA,"San Luis Potosí",NA,NA,NA,"HUMAN_OBSERVATION",NA,"19268569","San Luis Potosí, Mexico, NORTH_AMERICA","Observations",NA,NA,"NORTH_AMERICA",NA,122,"Mexico",482,NA,"50c9509d-22c7-4a22-a47d-8c48425ef4a7","iNaturalist research-grade observations","2018-12-28T14:17:11",8,NA,NA,NA,NA,NA,NA,221,NA,"2008-08-08T08:07",NA,"08:07:00-05:00","Poeciliidae",7659,NA,"Mexico","1986523995","LATIN_AMERICA","Xiphophorus","Xiphophorus",2350152,"WGS84",NA,NA,NA,NA,NA,NA,NA,NA,NA,"28eb1a3f-1c15-4a95-931a-4af90ecb574d","wild","josepvilet","42076190",NA,"Josep Vilet","19268569",NA,"997448a8-f762-11e1-a439-00145eb45e9a","iNaturalist",NA,NA,FALSE,"MX",FALSE,"DD",1986523995,"Animalia",1,NA,"2024-08-28T11:44:48.200+00:00","2024-08-29T04:53:10.393+00:00","2024-08-29T04:53:10.393+00:00",21.22208,"http://creativecommons.org/licenses/by-nc/4.0/legalcode",NA,NA,NA,-98.756166,"2023-05-21T02:59:10.000+00:00",8,NA,NA,NA,NA,"https://www.inaturalist.org/observations/19268569","Colectado en una Poza, nacimiento de un río próximo a Tamazunchale S. L. P.","PRESENT","Cyprinodontiformes",547,NA,NA,NA,"Chordata",44,NA,NA,"DWC_ARCHIVE","LATIN_AMERICA","MX","28eb1a3f-1c15-4a95-931a-4af90ecb574d","Josep Vilet","https://www.inaturalist.org/observations/19268569","Josep Vilet",NA,"Xiphophorus pygmaeus Hubbs & Gordon, 1943",NA,NA,"Xiphophorus pygmaeus",2350195,"pygmaeus",221,NA,"317468",2350195,"ACCEPTED","SPECIES",NA,NA,NA,NA,NA,"2008/08/08 8:07 AM CDT","San Luis Potosí, México",NA,NA,2008,2024-08-29
"8","Xiphophorus pygmaeus","Xiphophorus pygmaeus Hubbs & Gordon, 1943",2350195,NA,"San luis potosi","HUEHUETLAN",NA,NA,"PRESERVED_SPECIMEN","Madrigal-Guridi, X., O. Domínguez-Domínguez, G. Palacios-Morales y L. F. Martínez-García. 2019. NE001 “Computarización de la base de datos de la Colección Ictiológica de la Universidad Michoacana”. Universidad Michoacana de San Nicolás de Hidalgo. Facultad de Biología. Bases de datos SNIB-CONABIO. Proyectos No. NE001, HB010, HJ021, y AE002. Ciudad de México","2868","RIO HUICHIHUAYAN, San luis potosi, HUEHUETLAN, Mexico, NORTH_AMERICA","CPUM","4002",NA,"NORTH_AMERICA",NA,NA,"Mexico",162,"d17c498e5c0455aff6b71d99efaf3536","727b83c1-e8a7-4dd9-a9a2-4c4a9ea9636c","Computarización de la base de datos de la colección ictiológica de la Universidad Michoacana",NA,22,0,0,NA,"Otros Datos Ejemplar / Capturista: puerto Otros Datos Ejemplar / FechaCapturaEjemplar: 14/10/2016 06:59:34 p.m.",46.5,46.5,53,NA,"2007-02-22",NA,NA,"Poeciliidae",7659,"NO APLICA","Mexico","2629499637","LATIN_AMERICA","Xiphophorus","Xiphophorus",2350152,"WGS84",NA,NA,NA,NA,"Mapa, INEGI, 1:250000",NA,NA,"Animalia; Chordata; Osteichthyes; Cyprinodontiformes; Poeciliidae; Xiphophorus",NA,"ff90b050-c256-11db-b71b-b8a03c50a862",NA,NA,"7206",NA,"NO DISPONIBLE","bee0aae569cdb566db1238aa94bd1003",23,"e081c7d7-2dab-42fd-94c4-9f275767fe7d","FB-UMSNH","61",NA,FALSE,"MX",FALSE,"DD",2629499637,"Animalia",1,"es","2023-08-31T06:55:46.200+00:00","2024-01-24T19:52:36.590+00:00","2024-01-24T19:52:36.590+00:00",21.479669,"http://creativecommons.org/licenses/by/4.0/legalcode","RIO HUICHIHUAYAN","1718",NA,-98.967,"2021-03-19T00:00:00.000+00:00",2,"Fricke, Eschmeyer & van der Laan, 2020","Copeia 1943 (no. 1): 31. Pl. 1 (figs. 1-2). 1943","0",NA,"bee0aae569cdb566db1238aa94bd1003",NA,"PRESENT","Cyprinodontiformes",547,NA,"Facultad de Biología, Universidad Michoacana de San Nicolás de Hidalgo","Xiphophorus","Chordata",44,"Alcohol etílico al 70%","SNIB-NE001-NE0011903F_SIB2019.05.28-ND","EML","LATIN_AMERICA","MX","ff90b050-c256-11db-b71b-b8a03c50a862","NO DISPONIBLE",NA,"Comisión Nacional para el Conocimiento y Uso de la Biodiversidad (CONABIO)",NA,"Xiphophorus pygmaeus Hubbs & Gordon, 1943","8419",NA,"Xiphophorus pygmaeus",2350195,"pygmaeus",53,NA,"70156d5d8c5a92b253fe477b6e9800ae",2350195,"ACCEPTED","SPECIES",NA,"Event",NA,"grados minutos segundos",NA,NA,NA,"espada pigmeo delgado, espada pigmea delgada, pygmy swordtail, espada pigmea delgada, espada pigmeo delgado",NA,2007,2024-08-29
"9","Xiphophorus pygmaeus","Xiphophorus pygmaeus Hubbs & Gordon, 1943",2350195,NA,"San luis potosi","SANTA MARIA DEL RIO","Espinosa, P.H., Fuentes, P. M. & Gaspar, M. T. 1993. Publicaciones Especiales del Instituto de Biología. Listados Faunísticos de México. III. Peces dulceacuícolas mexicanos. Universidad Nacional Autónoma de México, México, 100 pp. | Miller, R. R., Minckley, W. L. & Norris, S. M. 2005. Freshwater fishes of Mexico. The University of Chicago Press, U.S.A. Chicago, IL. 652 pp. | Nelson, J. S. 2006. Fishes of the World. John Wiley & Sons, Inc. Fourth Edition. Hoboken, New Jersey. U.S.A. 601 pp.",NA,"PRESERVED_SPECIMEN","Díaz-Pardo E. 2009. Sistematización de la colección de peces del centro de México. Colección BUAQ-P. Facultad de Ciencias Naturales. Universidad Autónoma de Querétaro. Bases de datos SNIB-CONABIO, proyecto EC007. México, D. F.","UAQ-P-86","Adjuntas del Río, Mapatlán y Tanculín, San luis potosi, SANTA MARIA DEL RIO, Mexico, NORTH_AMERICA","BUAQ-P","204",NA,"NORTH_AMERICA",NA,70,"Mexico",290,"e40d743ad946e2d78ec2591c59268ac3","e8989ab2-94dc-4570-9783-c3ab92300872","Sistematización de la colección de peces del centro de México",NA,14,0,0,NA,"Otros Datos Ejemplar / Capturista: isaac Otros Datos Ejemplar / FechaCapturaEjemplar: 08/09/2008 02:07:59 p.m.",0,0,348,NA,"2003-12-14",NA,"00:00:00","Poeciliidae",7659,"NO DISPONIBLE","Mexico","1894764893","LATIN_AMERICA","Xiphophorus","Xiphophorus",2350152,"WGS84",NA,NA,NA,NA,"Geoposicionador, Garmin etrex Legend., 5",NA,NA,"Animalia; Chordata; Osteichthyes; Cyprinodontiformes; Poeciliidae; Xiphophorus",NA,"ff90b050-c256-11db-b71b-b8a03c50a862",NA,NA,"1324",NA,"Díaz-Pardo E.","93ee14722c9550972fafa7875c7c3e21",22,"e081c7d7-2dab-42fd-94c4-9f275767fe7d","FCN-UAQ","53",NA,FALSE,"MX",FALSE,"DD",1894764893,"Animalia",1,"es","2023-08-31T07:04:28.109+00:00","2024-01-25T01:35:55.862+00:00","2024-01-25T01:35:55.862+00:00",21.781389,"http://creativecommons.org/licenses/by/4.0/legalcode","Adjuntas del Río, Mapatlán y Tanculín","76",NA,-100.640282,"2021-03-19T00:00:00.000+00:00",12,"Fricke, Eschmeyer & van der Laan, 2020",NA,"0",NA,"93ee14722c9550972fafa7875c7c3e21",NA,"PRESENT","Cyprinodontiformes",547,NA,"Facultad de Ciencias Naturales, Universidad Autónoma de Querétaro","Xiphophorus","Chordata",44,"Alcohol isopropílico 70%","SNIB-EC007-EC0070911F_Corregida-ND","EML","LATIN_AMERICA","MX","ff90b050-c256-11db-b71b-b8a03c50a862","Morales A.",NA,"Comisión Nacional para el Conocimiento y Uso de la Biodiversidad (CONABIO)",NA,"Xiphophorus pygmaeus Hubbs & Gordon, 1943","5018",NA,"Xiphophorus pygmaeus",2350195,"pygmaeus",348,NA,"23d5059b19c30cea675051f16d7001e4",2350195,"ACCEPTED","SPECIES",NA,"Event",NA,"grados minutos segundos",NA,NA,NA,"espada pigmea delgada, espada pigmeo delgado",NA,2003,2024-08-29
"10","Xiphophorus pygmaeus","Xiphophorus pygmaeus Hubbs & Gordon, 1943",2350195,NA,"Tamaulipas",NA,NA,NA,"PRESERVED_SPECIMEN","Sánchez Cordero V., Magallón S., Espinosa, H., Reynoso V.H., Escalante, P. y Cervantes, F. 2021. Digitalización y Sistematización de las Colecciones Biológicas Nacionales del Instituto de Biología, UNAM. Universidad Nacional Autónoma de México. Instituto de Biología. Bases de datos SNIB CONABIO (vertebrados), proyecto KE002. Ciudad de México","12605","Río Guayalejo, ejido la Libertad, Tamaulipas, Mexico, NORTH_AMERICA","CNPE","1692",NA,"NORTH_AMERICA",NA,70,"Mexico",7,"efe5b7f0301395bd086651e5b20b10f4","f6cc0fcc-1605-4bd4-bbea-dd12f697a2ba","Digitalización y Sistematización de las Colecciones Biológicas Nacionales del Instituto de Biología, UNAM",NA,9,NA,NA,NA,NA,NA,NA,99,NA,"2001-04-09",NA,NA,"Poeciliidae",7659,NA,"Mexico","4169228766","LATIN_AMERICA","Xiphophorus","Xiphophorus",2350152,"WGS84",NA,NA,NA,NA,NA,NA,NA,"Animalia; Chordata; Osteichthyes; Cyprinodontiformes; Poeciliidae; Xiphophorus",NA,"ff90b050-c256-11db-b71b-b8a03c50a862",NA,NA,NA,NA,NA,"0569047a162c55b4da26fc01ef153622",22,"e081c7d7-2dab-42fd-94c4-9f275767fe7d","IBUNAM","20","ceac6f9f-a4d0-453c-a232-c864bd10feaa",FALSE,"MX",FALSE,"DD",4169228766,"Animalia",1,"es","2023-09-15T08:35:14.547+00:00","2024-01-25T02:41:07.733+00:00","2024-01-25T02:41:07.733+00:00",23.146111,"http://creativecommons.org/licenses/by/4.0/legalcode","Río Guayalejo, ejido la Libertad",NA,NA,-99.151667,"2022-12-02T00:00:00.000+00:00",4,"Fricke, Eschmeyer & van der Laan, 2020",NA,"0",NA,"0569047a162c55b4da26fc01ef153622",NA,"PRESENT","Cyprinodontiformes",547,NA,"Instituto de Biología, Universidad Nacional Autónoma de México","Xiphophorus","Chordata",44,"En alcohol etílico 70%","SNIB-KE002-KE0022012F-vertebrados","EML","LATIN_AMERICA","MX","ff90b050-c256-11db-b71b-b8a03c50a862","García de León",NA,"Comisión Nacional para el Conocimiento y Uso de la Biodiversidad (CONABIO)",NA,"Xiphophorus pygmaeus Hubbs & Gordon, 1943","4188",NA,"Xiphophorus pygmaeus",2350195,"pygmaeus",99,NA,"81340d42911ff524abd9fc7c4b811349",2350195,"ACCEPTED","SPECIES",NA,"Event",NA,NA,NA,NA,NA,"espada pigmea delgada, espada pigmeo delgado",NA,2001,2024-08-29
"11","Xiphophorus pygmaeus","Xiphophorus pygmaeus Hubbs & Gordon, 1943",2350195,NA,"San luis potosi","AXTLA DE TERRAZAS",NA,NA,"PRESERVED_SPECIMEN","Gutiérrez-Yurrita P. J. 2002. Fauna acuática de importancia ecológica (crustáceos, insectos y peces) de la cuenca del río Moctezuma Querétaro-Hidalgo. Facultad de Ciencias Naturales. Universidad Autónoma de Querétaro. Bases de datos SNIB-CONABIO, proyecto S172. México, D. F.","BUAQ-P 187","Río Matlapa a 2 Km del Puente Tanculín, San luis potosi, AXTLA DE TERRAZAS, Mexico, NORTH_AMERICA","BUAQ-P","204",NA,"NORTH_AMERICA",NA,70,"Mexico",289,"1cf091fb80d5d63faca5c9769867e667","e56a116e-0cfc-4382-a772-162ac2a44a7c","Fauna acuática de importancia ecológica (crustáceos, insectos y peces) de la cuenca del río Moctezuma Querétaro-Hidalgo",NA,14,0,0,NA,"Características de Peces / Longitud total: 32.9 mm Características de Peces / Longitud patrón: 24.4 mm Características de Peces / Altura máxima: 7.5 mm Características de Peces / Formula radial (dorsal): -11 Características de Peces / Formula radial (anal): -7 Distrito de Riego: NA Otros Datos Ejemplar / Capturista: ALFREDO Otros Datos Ejemplar / FechaCapturaEjemplar: 16/02/2001 07:49:34 p.m. Otros Datos Ejemplar / MicroHabitat: En los remansos del cauce.",52.5,52.5,349,NA,"2000-12-14",NA,"00:00:00","Poeciliidae",7659,"UAQB-30.5","Mexico","1895258496","LATIN_AMERICA","Xiphophorus","Xiphophorus",2350152,"WGS84",NA,NA,NA,NA,"Geoposicionador, +- 0.25 M",NA,"Lótico, velocidad cauce moderada, anchura aproximada 15 m, profundidad promedio de 30 cm; litología del cauce cantos rodados pequeños, arcilla y arena; manchones de Salix, pastos y cultivos diversos.","Animalia; Chordata; Osteichthyes; Cyprinodontiformes; Poeciliidae; Xiphophorus",NA,"ff90b050-c256-11db-b71b-b8a03c50a862",NA,NA,"796",NA,"J.A. Morales O.","b8562da7f8274dce68bb379bdc91e993",22,"e081c7d7-2dab-42fd-94c4-9f275767fe7d","FCN-UAQ","53",NA,FALSE,"MX",FALSE,"DD",1895258496,"Animalia",1,"es","2023-08-31T07:07:40.492+00:00","2024-01-25T01:28:15.872+00:00","2024-01-25T01:28:15.872+00:00",21.392694,"http://creativecommons.org/licenses/by/4.0/legalcode","Río Matlapa a 2 Km del Puente Tanculín","40",NA,-98.870528,"2021-03-19T00:00:00.000+00:00",12,"Fricke, Eschmeyer & van der Laan, 2020",NA,"0",NA,"b8562da7f8274dce68bb379bdc91e993",NA,"PRESENT","Cyprinodontiformes",547,NA,"Facultad de Ciencias Naturales, Universidad Autónoma de Querétaro","Xiphophorus","Chordata",44,"Alcohol 70%","SNIB-S172-S172210F-ND","EML","LATIN_AMERICA","MX","ff90b050-c256-11db-b71b-b8a03c50a862","P.J. Gutiérrez Y.; J.A. Morales O.",NA,"Comisión Nacional para el Conocimiento y Uso de la Biodiversidad (CONABIO)",NA,"Xiphophorus pygmaeus Hubbs & Gordon, 1943","365","MALE","Xiphophorus pygmaeus",2350195,"pygmaeus",349,NA,"18b4c733e11149309983047462554074",2350195,"ACCEPTED","SPECIES",NA,"Event",NA,"grados minutos segundos",NA,NA,NA,"espada pigmea delgada, espada pigmeo delgado",NA,2000,2024-08-29
"12",NA,"Xiphophorus pygmaeus Hubbs & Gordon, 1943",2350195,NA,NA,NA,NA,NA,"PRESERVED_SPECIMEN",NA,"239629","Axtla River near town of Axtla, Mexico, NORTH_AMERICA","Fish",NA,"229dd7f9-12ac-4ecb-80ad-bd3c74892ff5","NORTH_AMERICA",NA,NA,"Mexico",562,NA,"eccf4b09-f0c8-462d-a48c-41a7ce36815a",NA,NA,24,NA,NA,NA,NA,NA,NA,83,NA,"1998-03-24","See field notes",NA,"Poeciliidae",7659,"HOS98-4","Mexico","1838302587","LATIN_AMERICA","Xiphophorus","Xiphophorus",2350152,"WGS84",NA,NA,NA,NA,NA,NA,NA,NA,"Mexico, North America","8483a1f0-1032-11db-ae00-b8a03c50a862",NA,NA,NA,NA,NA,"3a415c2c-41c3-415c-8e04-07fc189aea52",NA,"12fadca0-d638-416d-8cee-6f29ef37a249","UF",NA,"ab8b25c4-f95e-437b-82df-5aed3c9031ec",TRUE,"MX",FALSE,"DD",1838302587,"Animalia",1,NA,"2024-08-26T04:01:29.844+00:00","2024-08-26T04:11:07.142+00:00","2024-08-26T04:11:07.142+00:00",21.440833,"http://creativecommons.org/licenses/by-nc/4.0/legalcode","Axtla River near town of Axtla",NA,NA,-98.8875,"2018-04-10T11:33:28.000+00:00",3,NA,NA,NA,NA,"3a415c2c-41c3-415c-8e04-07fc189aea52",NA,"PRESENT","Cyprinodontiformes",547,NA,NA,NA,"Chordata",44,"EtOH - 38",NA,"EML","NORTH_AMERICA","US","8483a1f0-1032-11db-ae00-b8a03c50a862","Specht, Harry; Socolof, Ross; et al.",NA,NA,NA,"Xiphophorus pygmaeus Hubbs & Gordon, 1943",NA,NA,"Xiphophorus pygmaeus",2350195,"pygmaeus",83,NA,NA,2350195,"ACCEPTED","SPECIES",NA,NA,NA,NA,NA,NA,NA,NA,NA,1998,2024-08-29
"33",NA,"Xiphophorus pygmaeus Hubbs & Gordon, 1943",2350195,NA,"San Luis Potosi",NA,NA,NA,"PRESERVED_SPECIMEN",NA,"000021578","Rio Huichihuyan, Chimilaco, San Luis Potosi, Mexico, NORTH_AMERICA","Ichthyology Collection",NA,NA,"NORTH_AMERICA",NA,1280,"Mexico",457,NA,"6080b6cc-1c24-41ff-ad7f-0ebe7b56f311",NA,NA,11,NA,NA,NA,NA,NA,NA,42,NA,"1991-02-11","Old coll. method: : Seine",NA,"Poeciliidae",7659,"Z21578","Mexico","1932819542","LATIN_AMERICA","Xiphophorus","Xiphophorus",2350152,"WGS84",NA,NA,NA,"Please correct ""Chimilaco"" to CHIMALACO. Please correct ""Rio Huichihuyan"" to RIO HUICHIHUAYAN. Marker placed 860 m (2830 ft) SW of CHIMALACO, because river does not quite flow through the town. Closest points of RIO HUICHIHUAYAN to CHIMALACO are approximately the ends of the Polygon, which encloses a stretch of the river at Chimalaco. Uncertainty circle reaches NE to include town of Chimalaco.",NA,NA,NA,NA,"San Luis Potosi, Mexico","3c6ad080-bdbe-11da-ac59-b8a03c50a862",NA,NA,NA,NA,NA,"55070792-9ef9-11e3-abb4-002219aba676",NA,"db7e3f20-3966-4c50-b747-4dfc7b3d3874","TNHC",NA,"c8e1cb04-01ef-4804-a716-11ef204cf41b",TRUE,"MX",FALSE,"DD",1932819542,"Animalia",1,NA,"2024-08-26T07:01:28.024+00:00","2024-08-26T07:02:19.551+00:00","2024-08-26T07:02:19.551+00:00",21.4546,"http://creativecommons.org/publicdomain/zero/1.0/legalcode","Rio Huichihuyan, Chimilaco",NA,NA,-98.944,NA,2,NA,NA,NA,NA,"55070792-9ef9-11e3-abb4-002219aba676",NA,"PRESENT","Cyprinodontiformes",547,NA,NA,NA,"Chordata",44,"Fluid","TNHC","EML","NORTH_AMERICA","US","3c6ad080-bdbe-11da-ac59-b8a03c50a862","M. Ryan|M. Morris",NA,NA,NA,"Xiphophorus pygmaeus Hubbs & Gordon, 1943",NA,NA,"Xiphophorus pygmaeus",2350195,"pygmaeus",42,NA,NA,2350195,"ACCEPTED","SPECIES",NA,NA,NA,NA,NA,NA,NA,NA,NA,1991,2024-08-29
"36",NA,"Xiphophorus pygmaeus Hubbs & Gordon, 1943",2350195,NA,"San Luis Potosi",NA,NA,NA,"PRESERVED_SPECIMEN",NA,"000021574","Rio Huichihuyan, Huichihuyan, San Luis Potosi, Mexico, NORTH_AMERICA","Ichthyology Collection",NA,NA,"NORTH_AMERICA",NA,1260,"Mexico",457,NA,"6080b6cc-1c24-41ff-ad7f-0ebe7b56f311",NA,NA,11,NA,NA,NA,NA,NA,NA,42,NA,"1990-02-11","Old coll. method: : Seine",NA,"Poeciliidae",7659,"Z21574","Mexico","1932817416","LATIN_AMERICA","Xiphophorus","Xiphophorus",2350152,"WGS84",NA,NA,NA,"Please correct description to read, ""RIO HUICHIHUAYAN at HUICHIHUAYAN"". River runs SSW of town, and a stretch of it is enclosed in Polygon; marker placed at point on river closest to town.",NA,NA,NA,NA,"San Luis Potosi, Mexico","3c6ad080-bdbe-11da-ac59-b8a03c50a862",NA,NA,NA,NA,NA,"550702ec-9ef9-11e3-abb4-002219aba676",NA,"db7e3f20-3966-4c50-b747-4dfc7b3d3874","TNHC",NA,"c8e1cb04-01ef-4804-a716-11ef204cf41b",TRUE,"MX",FALSE,"DD",1932817416,"Animalia",1,NA,"2024-08-26T07:01:28.024+00:00","2024-08-26T07:02:23.555+00:00","2024-08-26T07:02:23.555+00:00",21.4798,"http://creativecommons.org/publicdomain/zero/1.0/legalcode","Rio Huichihuyan, Huichihuyan",NA,NA,-98.9671,NA,2,NA,NA,NA,NA,"550702ec-9ef9-11e3-abb4-002219aba676",NA,"PRESENT","Cyprinodontiformes",547,NA,NA,NA,"Chordata",44,"Fluid","TNHC","EML","NORTH_AMERICA","US","3c6ad080-bdbe-11da-ac59-b8a03c50a862","M. Ryan|M. Morris",NA,NA,NA,"Xiphophorus pygmaeus Hubbs & Gordon, 1943",NA,NA,"Xiphophorus pygmaeus",2350195,"pygmaeus",42,NA,NA,2350195,"ACCEPTED","SPECIES",NA,NA,NA,NA,NA,NA,NA,NA,NA,1990,2024-08-29
"37",NA,"Xiphophorus pygmaeus Hubbs & Gordon, 1943",2350195,NA,"San Luis Potosi",NA,NA,NA,"PRESERVED_SPECIMEN",NA,"000021575","Rio Huichihuyan, Nacimiento, San Luis Potosi, Mexico, NORTH_AMERICA","Ichthyology Collection",NA,NA,"NORTH_AMERICA",NA,753,"Mexico",457,NA,"6080b6cc-1c24-41ff-ad7f-0ebe7b56f311",NA,NA,11,NA,NA,NA,NA,NA,NA,42,NA,"1990-02-11","Old coll. method: : Seine",NA,"Poeciliidae",7659,"Z21575","Mexico","1932817423","LATIN_AMERICA","Xiphophorus","Xiphophorus",2350152,"WGS84",NA,NA,NA,"Please correct ""Rio Huichihuyan"" to RIO HUICHIHUAYAN.Note: ""Nacimiento"" means ""birth"" in Spanish; hence, one could easily think that ""Nacimiento del Huichihuayan"" is a spring where the RIO HUICHIHUAYAN is ""born"". However, this appears not to be the case.",NA,NA,NA,NA,"San Luis Potosi, Mexico","3c6ad080-bdbe-11da-ac59-b8a03c50a862",NA,NA,NA,NA,NA,"5507040e-9ef9-11e3-abb4-002219aba676",NA,"db7e3f20-3966-4c50-b747-4dfc7b3d3874","TNHC",NA,"c8e1cb04-01ef-4804-a716-11ef204cf41b",TRUE,"MX",FALSE,"DD",1932817423,"Animalia",1,NA,"2024-08-26T07:01:28.024+00:00","2024-08-26T07:02:20.951+00:00","2024-08-26T07:02:20.951+00:00",21.4756,"http://creativecommons.org/publicdomain/zero/1.0/legalcode","Rio Huichihuyan, Nacimiento",NA,NA,-98.9683,NA,2,NA,NA,NA,NA,"5507040e-9ef9-11e3-abb4-002219aba676",NA,"PRESENT","Cyprinodontiformes",547,NA,NA,NA,"Chordata",44,"Fluid","TNHC","EML","NORTH_AMERICA","US","3c6ad080-bdbe-11da-ac59-b8a03c50a862","M. Ryan|M. Morris",NA,NA,NA,"Xiphophorus pygmaeus Hubbs & Gordon, 1943",NA,NA,"Xiphophorus pygmaeus",2350195,"pygmaeus",42,NA,NA,2350195,"ACCEPTED","SPECIES",NA,NA,NA,NA,NA,NA,NA,NA,NA,1990,2024-08-29
"44",NA,"Xiphophorus pygmaeus Hubbs & Gordon, 1943",2350195,NA,"San Luis Potosi","Ciudad Valles",NA,NA,"OCCURRENCE",NA,"10559","Rio Huichihuyan a Chimalaco, SLP., San Luis Potosi, Ciudad Valles, Mexico, NORTH_AMERICA","CNPE",NA,NA,"NORTH_AMERICA",0,NA,"Mexico",308,NA,"8502ed8e-f762-11e1-a439-00145eb45e9a",NA,NA,18,0,0,NA,NA,0,0,49,NA,"1989-02-18",NA,NA,"Poeciliidae",7659,NA,"Mexico","46414829","LATIN_AMERICA","Xiphophorus","Xiphophorus",2350152,"WGS84",NA,NA,NA,NA,NA,NA,NA,NA,NA,"b459e790-0d3c-11d9-8431-b8a03c50a862",NA,NA,NA,NA,"Morris, M. & Ryan, M.",NA,NA,"601d6198-f762-11e1-a439-00145eb45e9a","IBUNAM",NA,NA,TRUE,"MX",FALSE,"DD",46414829,"Animalia",1,NA,"2024-08-21T05:26:45.864+00:00","2024-08-21T05:27:11.749+00:00","2024-08-21T05:27:11.749+00:00",21.450001,"http://creativecommons.org/licenses/by-nc/4.0/legalcode","Rio Huichihuyan a Chimalaco, SLP.",NA,NA,-98.966667,NA,2,NA,NA,NA,NA,NA,NA,"PRESENT","Cyprinodontiformes",547,NA,NA,NA,"Chordata",44,NA,NA,"DWC_ARCHIVE","LATIN_AMERICA","MX","b459e790-0d3c-11d9-8431-b8a03c50a862","Morris, M. & Ryan, M.",NA,NA,NA,"Xiphophorus pygmaeus Hubbs & Gordon, 1943",NA,NA,"Xiphophorus pygmaeus",2350195,"pygmaeus",49,NA,NA,2350195,"ACCEPTED","SPECIES",NA,NA,NA,NA,NA,NA,NA,NA,NA,1989,2024-08-29
"50",NA,"Xiphophorus pygmaeus Hubbs & Gordon, 1943",2350195,NA,"San Luis Potosi",NA,NA,NA,"PRESERVED_SPECIMEN",NA,"000021566","Rio Huichihuyan, Huichihuyan to Chimilaco, San Luis Potosi, Mexico, NORTH_AMERICA","Ichthyology Collection",NA,NA,"NORTH_AMERICA",NA,1707,"Mexico",457,NA,"6080b6cc-1c24-41ff-ad7f-0ebe7b56f311",NA,NA,18,NA,NA,NA,NA,NA,NA,49,NA,"1989-02-18","Old coll. method: : Seine",NA,"Poeciliidae",7659,"Z21566","Mexico","1932817313","LATIN_AMERICA","Xiphophorus","Xiphophorus",2350152,"WGS84",NA,NA,NA,"Please correct description to read, ""RIO HUICHIHUAYAN, HUICHIHUAYAN to CHIMALACO"" (three errors). Assuming collectors were traveling SW on Hwy 85, placed marker at point where RIO HUICHIHUAYAN is nearest to HWY 85 along this stretch of road. Polygon encloses river between HUICHIHUAYAN, at NW edge of circle, to CHIMALACO, at SE edge of circle.",NA,NA,NA,NA,"San Luis Potosi, Mexico","3c6ad080-bdbe-11da-ac59-b8a03c50a862",NA,NA,NA,NA,NA,"5506f950-9ef9-11e3-abb4-002219aba676",NA,"db7e3f20-3966-4c50-b747-4dfc7b3d3874","TNHC",NA,"c8e1cb04-01ef-4804-a716-11ef204cf41b",TRUE,"MX",FALSE,"DD",1932817313,"Animalia",1,NA,"2024-08-26T07:01:28.024+00:00","2024-08-26T07:02:21.796+00:00","2024-08-26T07:02:21.796+00:00",21.469,"http://creativecommons.org/publicdomain/zero/1.0/legalcode","Rio Huichihuyan, Huichihuyan to Chimilaco",NA,NA,-98.9542,NA,2,NA,NA,NA,NA,"5506f950-9ef9-11e3-abb4-002219aba676","64 of original 71 recataloged as TNHC 25009 and given as gift to UNAM. Note: lot is not well preserved.","PRESENT","Cyprinodontiformes",547,NA,NA,NA,"Chordata",44,"Fluid","TNHC","EML","NORTH_AMERICA","US","3c6ad080-bdbe-11da-ac59-b8a03c50a862","M. Ryan|M. Morris",NA,NA,NA,"Xiphophorus pygmaeus Hubbs & Gordon, 1943",NA,NA,"Xiphophorus pygmaeus",2350195,"pygmaeus",49,NA,NA,2350195,"ACCEPTED","SPECIES",NA,NA,NA,NA,NA,NA,NA,NA,NA,1989,2024-08-29
"62",NA,"Xiphophorus pygmaeus Hubbs & Gordon, 1943",2350195,NA,"San Luis Potosi",NA,NA,NA,"PRESERVED_SPECIMEN",NA,"000021567","San Juanito, ca. 0.5 mi. N of Huichihuyan, San Luis Potosi, Mexico, NORTH_AMERICA","Ichthyology Collection",NA,NA,"NORTH_AMERICA",NA,519,"Mexico",457,NA,"6080b6cc-1c24-41ff-ad7f-0ebe7b56f311",NA,NA,1,NA,NA,NA,NA,NA,NA,121,NA,"1989-05-01","May 1989 (no other date). Old coll. method: : Seine",NA,"Poeciliidae",7659,"Z21567","Mexico","1932817405","LATIN_AMERICA","Xiphophorus","Xiphophorus",2350152,"WGS84",NA,NA,NA,"Please correct ""Huichihuyan"" to HUICHIHUAYAN. Marker placed at town of SAN JUANITO (found on Mexican INEGI); however, San Juanito is farther from town of Huichihuayan than stated in description; turnoff to SAN JUANITO is approximately 2.5 km (1.5 mi) NW of Huichihuayan, following Hwy 85.",NA,NA,NA,NA,"San Luis Potosi, Mexico","3c6ad080-bdbe-11da-ac59-b8a03c50a862",NA,NA,NA,NA,NA,"5506fa72-9ef9-11e3-abb4-002219aba676",NA,"db7e3f20-3966-4c50-b747-4dfc7b3d3874","TNHC",NA,"c8e1cb04-01ef-4804-a716-11ef204cf41b",TRUE,"MX",FALSE,"DD",1932817405,"Animalia",1,NA,"2024-08-26T07:01:28.024+00:00","2024-08-26T07:02:14.421+00:00","2024-08-26T07:02:14.421+00:00",21.4908,"http://creativecommons.org/publicdomain/zero/1.0/legalcode","San Juanito, ca. 0.5 mi. N of Huichihuyan",NA,NA,-98.9909,NA,5,NA,NA,NA,NA,"5506fa72-9ef9-11e3-abb4-002219aba676","143 of original 148 (not 149) recataloged as TNCH 25014 and given as gift to UNAM.","PRESENT","Cyprinodontiformes",547,NA,NA,NA,"Chordata",44,"Fluid","TNHC","EML","NORTH_AMERICA","US","3c6ad080-bdbe-11da-ac59-b8a03c50a862","M. Ryan|M. Morris",NA,NA,NA,"Xiphophorus pygmaeus Hubbs & Gordon, 1943",NA,NA,"Xiphophorus pygmaeus",2350195,"pygmaeus",121,NA,NA,2350195,"ACCEPTED","SPECIES",NA,NA,NA,NA,NA,NA,NA,NA,NA,1989,2024-08-29
"63",NA,"Xiphophorus pygmaeus Hubbs & Gordon, 1943",2350195,NA,"San Luis Potosi",NA,NA,NA,"PRESERVED_SPECIMEN",NA,"000021568","Rio Huichihuyan, Huichihuyan, river crossing, San Luis Potosi, Mexico, NORTH_AMERICA","Ichthyology Collection",NA,NA,"NORTH_AMERICA",NA,1258,"Mexico",457,NA,"6080b6cc-1c24-41ff-ad7f-0ebe7b56f311",NA,NA,12,NA,NA,NA,NA,NA,NA,132,NA,"1989-05-12","Old coll. method: : Seine",NA,"Poeciliidae",7659,"Z21568","Mexico","1932817418","LATIN_AMERICA","Xiphophorus","Xiphophorus",2350152,"WGS84",NA,NA,NA,"Please correct ""Rio Huichihuyan"" to RIO HUICHIHUAYAN and town ""Huichihuyan"" to HUICHIHUAYAN.NOTE: RIO HUICHIHUAYAN does not actually run through town; there are three crossings within town, but they are all TRIBUTARIES flowing Southwest.Polygon approximately encloses the 3 tributaries (crossings on HWY 85), and the path they take flowing into RIO HUICHIHUAYAN.FOUND TWO CROSSINGS over RIO HUICHIHUAYAN,but on outskirts of town: One is at Marker, and the other is 700 m ESE of Marker, at (21.47568, -98.96832)",NA,NA,NA,NA,"San Luis Potosi, Mexico","3c6ad080-bdbe-11da-ac59-b8a03c50a862",NA,NA,NA,NA,NA,"5506fbe4-9ef9-11e3-abb4-002219aba676",NA,"db7e3f20-3966-4c50-b747-4dfc7b3d3874","TNHC",NA,"c8e1cb04-01ef-4804-a716-11ef204cf41b",TRUE,"MX",FALSE,"DD",1932817418,"Animalia",1,NA,"2024-08-26T07:01:28.024+00:00","2024-08-26T07:02:24.273+00:00","2024-08-26T07:02:24.273+00:00",21.479,"http://creativecommons.org/publicdomain/zero/1.0/legalcode","Rio Huichihuyan, Huichihuyan, river crossing",NA,NA,-98.974,NA,5,NA,NA,NA,NA,"5506fbe4-9ef9-11e3-abb4-002219aba676","Two specimens removed when re-identified; now cataloged as TNHC 24969 and TNHC 24970.  127 (of 131) recataloged as TNHC 25010 and given as gift to UNAM.","PRESENT","Cyprinodontiformes",547,NA,NA,NA,"Chordata",44,"Fluid","TNHC","EML","NORTH_AMERICA","US","3c6ad080-bdbe-11da-ac59-b8a03c50a862","M. Ryan|M. Morris",NA,NA,NA,"Xiphophorus pygmaeus Hubbs & Gordon, 1943",NA,NA,"Xiphophorus pygmaeus",2350195,"pygmaeus",132,NA,NA,2350195,"ACCEPTED","SPECIES",NA,NA,NA,NA,NA,NA,NA,NA,NA,1989,2024-08-29
"64",NA,"Xiphophorus pygmaeus Hubbs & Gordon, 1943",2350195,NA,"San Luis Potosi",NA,NA,NA,"PRESERVED_SPECIMEN",NA,"000021580","Villa Terraza, San Luis Potosi, Mexico, NORTH_AMERICA","Ichthyology Collection",NA,NA,"NORTH_AMERICA",NA,1500,"Mexico",457,NA,"6080b6cc-1c24-41ff-ad7f-0ebe7b56f311",NA,"1991-01-01T00:00:00",12,NA,NA,NA,NA,NA,NA,132,NA,"1989-05-12","Old coll. method: : Seine",NA,"Poeciliidae",7659,"Z21580","Mexico","1932816992","LATIN_AMERICA","Xiphophorus","Xiphophorus",2350152,"WGS84",NA,NA,NA,"Please correct ""Villa Terraza"" to ""VILLA TERRAZAS"" -- assuming locality is AXTLA DE TERRAZAS. Uncertainty circle sized 1500 m to include other small town ""LA CEIBA (EZEQUIEL TERRAZAS)"" to the SSW, on other side of RIO AXTLA. No such ""Villa Terraza"". Only",NA,NA,NA,NA,"San Luis Potosi, Mexico","3c6ad080-bdbe-11da-ac59-b8a03c50a862",NA,NA,NA,NA,"Hendrickson, Dean","550709f4-9ef9-11e3-abb4-002219aba676",NA,"db7e3f20-3966-4c50-b747-4dfc7b3d3874","TNHC",NA,"c8e1cb04-01ef-4804-a716-11ef204cf41b",TRUE,"MX",FALSE,"DD",1932816992,"Animalia",1,NA,"2024-08-26T07:01:28.024+00:00","2024-08-26T07:02:11.168+00:00","2024-08-26T07:02:11.168+00:00",21.4399,"http://creativecommons.org/publicdomain/zero/1.0/legalcode","Villa Terraza",NA,NA,-98.8731,NA,5,NA,NA,NA,NA,"550709f4-9ef9-11e3-abb4-002219aba676","41 of original 47 recataloged as TNHC 25008 and given as gift to UNAM.","PRESENT","Cyprinodontiformes",547,NA,NA,NA,"Chordata",44,"Fluid","TNHC","EML","NORTH_AMERICA","US","3c6ad080-bdbe-11da-ac59-b8a03c50a862","M. Ryan|M. Morris",NA,NA,NA,"Xiphophorus pygmaeus Hubbs & Gordon, 1943",NA,NA,"Xiphophorus pygmaeus",2350195,"pygmaeus",132,NA,NA,2350195,"ACCEPTED","SPECIES",NA,NA,NA,NA,NA,NA,NA,NA,NA,1989,2024-08-29
"89",NA,"Xiphophorus pygmaeus Hubbs & Gordon, 1943",2350195,NA,"San Luis Potosi",NA,NA,NA,"PRESERVED_SPECIMEN",NA,"000021572","Rio Huichihuyan, site #2, San Luis Potosi, Mexico, NORTH_AMERICA","Ichthyology Collection",NA,NA,"NORTH_AMERICA",NA,9417,"Mexico",457,NA,"6080b6cc-1c24-41ff-ad7f-0ebe7b56f311",NA,NA,15,NA,NA,NA,NA,NA,NA,258,NA,"1989-09-15","Old coll. method: : Seine",NA,"Poeciliidae",7659,"Z21572","Mexico","1932817421","LATIN_AMERICA","Xiphophorus","Xiphophorus",2350152,"WGS84",NA,NA,NA,"Please correct ""Rio Huichihuyan"" to RIO HUICHIHUAYAN. Since don't know where ""site number 2"" is, placed marker ON RIO HUICHIHUAYAN AT HUICHIHUAYAN, and enclosed whole river in a Polygon. River is ""born"" as ARROYO HUICHIHUAYAN (""Huichihuayan Stream"") in the NW, changes name to RIO (river) HUICHIHUAYAN close to town of same name, and ends in the SE at its confluence with RIO TANCUILIN, to create RIO AXTLA. PLACEHOLDER. Need more info to refine locality.",NA,NA,NA,NA,"San Luis Potosi, Mexico","3c6ad080-bdbe-11da-ac59-b8a03c50a862",NA,NA,NA,NA,NA,"5507009e-9ef9-11e3-abb4-002219aba676",NA,"db7e3f20-3966-4c50-b747-4dfc7b3d3874","TNHC",NA,"c8e1cb04-01ef-4804-a716-11ef204cf41b",TRUE,"MX",FALSE,"DD",1932817421,"Animalia",1,NA,"2024-08-26T07:01:28.024+00:00","2024-08-26T07:02:15.953+00:00","2024-08-26T07:02:15.953+00:00",21.4788,"http://creativecommons.org/publicdomain/zero/1.0/legalcode","Rio Huichihuyan, site #2",NA,NA,-98.9674,NA,9,NA,NA,NA,NA,"5507009e-9ef9-11e3-abb4-002219aba676","45 of original 51 recataloged as TNHC 25007 and given as gift to UNAM.","PRESENT","Cyprinodontiformes",547,NA,NA,NA,"Chordata",44,"Fluid","TNHC","EML","NORTH_AMERICA","US","3c6ad080-bdbe-11da-ac59-b8a03c50a862","M. Ryan|M. Morris",NA,NA,NA,"Xiphophorus pygmaeus Hubbs & Gordon, 1943",NA,NA,"Xiphophorus pygmaeus",2350195,"pygmaeus",258,NA,NA,2350195,"ACCEPTED","SPECIES",NA,NA,NA,NA,NA,NA,NA,NA,NA,1989,2024-08-29
"90",NA,"Xiphophorus pygmaeus Hubbs & Gordon, 1943",2350195,NA,"San Luis Potosi",NA,NA,NA,"PRESERVED_SPECIMEN",NA,"000021573","Rio Huichihuyan, Los Compadres bar and restaurant, San Luis Potosi, Mexico, NORTH_AMERICA","Ichthyology Collection",NA,NA,"NORTH_AMERICA",NA,996,"Mexico",457,NA,"6080b6cc-1c24-41ff-ad7f-0ebe7b56f311",NA,NA,15,NA,NA,NA,NA,NA,NA,258,NA,"1989-09-15","Old coll. method: : Seine",NA,"Poeciliidae",7659,"Z21573","Mexico","1932817086","LATIN_AMERICA","Xiphophorus","Xiphophorus",2350152,"WGS84",NA,NA,NA,"Please correct ""Rio Huichihuyan"" to RIO HUICHIHUAYAN. PLACEHOLDER. Have not been able to find ""Los Compadres Bar and Restaurant"", but the state tourism agency says it serves fish and seafood, and places the restaurant at: ""La Curva de Huichihuayan, sin numero"" (street is called LA CURVA DE HUICHIHUAYAN, ""the Huichihuayan Curve"", but there is no ""house-number""). Marker placed in town with relatively large uncertainty, to encompass RIO HUICHIHUAYAN on South.",NA,NA,NA,NA,"San Luis Potosi, Mexico","3c6ad080-bdbe-11da-ac59-b8a03c50a862",NA,NA,NA,NA,NA,"550701c0-9ef9-11e3-abb4-002219aba676",NA,"db7e3f20-3966-4c50-b747-4dfc7b3d3874","TNHC",NA,"c8e1cb04-01ef-4804-a716-11ef204cf41b",TRUE,"MX",FALSE,"DD",1932817086,"Animalia",1,NA,"2024-08-26T07:01:28.024+00:00","2024-08-26T07:02:08.043+00:00","2024-08-26T07:02:08.043+00:00",21.4836,"http://creativecommons.org/publicdomain/zero/1.0/legalcode","Rio Huichihuyan, Los Compadres bar and restaurant",NA,NA,-98.9711,NA,9,NA,NA,NA,NA,"550701c0-9ef9-11e3-abb4-002219aba676","38 of original 44 recataloged as TNHC 25017; given as gift to UNAM.","PRESENT","Cyprinodontiformes",547,NA,NA,NA,"Chordata",44,"Fluid","TNHC","EML","NORTH_AMERICA","US","3c6ad080-bdbe-11da-ac59-b8a03c50a862","M. Ryan|M. Morris",NA,NA,NA,"Xiphophorus pygmaeus Hubbs & Gordon, 1943",NA,NA,"Xiphophorus pygmaeus",2350195,"pygmaeus",258,NA,NA,2350195,"ACCEPTED","SPECIES",NA,NA,NA,NA,NA,NA,NA,NA,NA,1989,2024-08-29
"115",NA,"Xiphophorus pygmaeus Hubbs & Gordon, 1943",2350195,NA,"San Luis Potosi",NA,NA,NA,"PRESERVED_SPECIMEN",NA,"000015122","Rio Huichihuayan at Chimalaco, 21-28-00 N, 98-57-00 W, San Luis Potosi, Mexico, NORTH_AMERICA","Ichthyology Collection",NA,NA,"NORTH_AMERICA",NA,1000,"Mexico",457,NA,"6080b6cc-1c24-41ff-ad7f-0ebe7b56f311",NA,NA,22,NA,NA,NA,NA,NA,NA,113,NA,"1988-04-22",NA,NA,"Poeciliidae",7659,"Z15122KW-4-22-8","Mexico","1932811590","LATIN_AMERICA","Xiphophorus","Xiphophorus",2350152,"WGS84",NA,NA,NA,"Marker placed at Chimalaco. There are at least three tributaries of the RIO HUICHIHUAYAN that flow through town. However, closest point where RIO HUICHIHUAYAN can be found is about 900 m WSW of marker. RIO HUICHIHUAYAN is at W and S edges of Uncertainty Circle.",NA,NA,NA,NA,"San Luis Potosi, Mexico","3c6ad080-bdbe-11da-ac59-b8a03c50a862",NA,NA,NA,NA,NA,"54e945e0-9ef9-11e3-abb4-002219aba676",NA,"db7e3f20-3966-4c50-b747-4dfc7b3d3874","TNHC",NA,"c8e1cb04-01ef-4804-a716-11ef204cf41b",TRUE,"MX",FALSE,"DD",1932811590,"Animalia",1,NA,"2024-08-26T07:01:28.024+00:00","2024-08-26T07:02:14.922+00:00","2024-08-26T07:02:14.922+00:00",21.4608,"http://creativecommons.org/publicdomain/zero/1.0/legalcode","Rio Huichihuayan at Chimalaco, 21-28-00 N, 98-57-00 W",NA,NA,-98.9388,NA,4,NA,NA,NA,NA,"54e945e0-9ef9-11e3-abb4-002219aba676","5 of original 12 (not 11) removed and recataloged as TNHC 25015.","PRESENT","Cyprinodontiformes",547,NA,NA,NA,"Chordata",44,"Fluid","TNHC","EML","NORTH_AMERICA","US","3c6ad080-bdbe-11da-ac59-b8a03c50a862","Leslie|Haydon|Morris|Ryan",NA,NA,NA,"Xiphophorus pygmaeus Hubbs & Gordon, 1943",NA,NA,"Xiphophorus pygmaeus",2350195,"pygmaeus",113,NA,NA,2350195,"ACCEPTED","SPECIES",NA,NA,NA,NA,NA,NA,NA,NA,NA,1988,2024-08-29
"130",NA,"Xiphophorus pygmaeus Hubbs & Gordon, 1943",2350195,NA,"San Luis Potosi",NA,NA,NA,"PRESERVED_SPECIMEN",NA,"000015865","Nacimiento of Rio Huichihuayan, San Luis Potosi, Mexico, NORTH_AMERICA","Ichthyology Collection",NA,NA,"NORTH_AMERICA",NA,NA,"Mexico",457,NA,"6080b6cc-1c24-41ff-ad7f-0ebe7b56f311",NA,NA,22,NA,NA,NA,NA,NA,NA,296,NA,"1988-10-22",NA,NA,"Poeciliidae",7659,"KW-10-22-88","Mexico","1932812248","LATIN_AMERICA","Xiphophorus","Xiphophorus",2350152,"WGS84",NA,NA,NA,NA,NA,NA,NA,NA,"San Luis Potosi, Mexico","3c6ad080-bdbe-11da-ac59-b8a03c50a862",NA,NA,NA,NA,NA,"54ec95f6-9ef9-11e3-abb4-002219aba676",NA,"db7e3f20-3966-4c50-b747-4dfc7b3d3874","TNHC",NA,"c8e1cb04-01ef-4804-a716-11ef204cf41b",TRUE,"MX",FALSE,"DD",1932812248,"Animalia",1,NA,"2024-08-26T07:01:28.024+00:00","2024-08-26T07:02:05.443+00:00","2024-08-26T07:02:05.443+00:00",22.45,"http://creativecommons.org/publicdomain/zero/1.0/legalcode","Nacimiento of Rio Huichihuayan",NA,NA,-98.9667,NA,10,NA,NA,NA,NA,"54ec95f6-9ef9-11e3-abb4-002219aba676","20 of original 26 re-cataloged as TNHC 25018 and given as gift to UNAM.","PRESENT","Cyprinodontiformes",547,NA,NA,NA,"Chordata",44,"Fluid","TNHC","EML","NORTH_AMERICA","US","3c6ad080-bdbe-11da-ac59-b8a03c50a862","Leslie|Morris|Wagner|Ellingson",NA,NA,NA,"Xiphophorus pygmaeus Hubbs & Gordon, 1943",NA,NA,"Xiphophorus pygmaeus",2350195,"pygmaeus",296,NA,NA,2350195,"ACCEPTED","SPECIES",NA,NA,NA,NA,NA,NA,NA,NA,NA,1988,2024-08-29
"131",NA,"Xiphophorus pygmaeus Hubbs & Gordon, 1943",2350195,NA,"San Luis Potosi",NA,NA,NA,"PRESERVED_SPECIMEN",NA,"000015873","Rio Huichihuayan at Chimalaco, San Luis Potosi, Mexico, NORTH_AMERICA","Ichthyology Collection",NA,NA,"NORTH_AMERICA",NA,NA,"Mexico",457,NA,"6080b6cc-1c24-41ff-ad7f-0ebe7b56f311",NA,NA,22,NA,NA,NA,NA,NA,NA,296,NA,"1988-10-22",NA,NA,"Poeciliidae",7659,"KW-10-22-88B","Mexico","1932812081","LATIN_AMERICA","Xiphophorus","Xiphophorus",2350152,"WGS84",NA,NA,NA,NA,NA,NA,NA,NA,"San Luis Potosi, Mexico","3c6ad080-bdbe-11da-ac59-b8a03c50a862",NA,NA,NA,NA,NA,"54ec9ff6-9ef9-11e3-abb4-002219aba676",NA,"db7e3f20-3966-4c50-b747-4dfc7b3d3874","TNHC",NA,"c8e1cb04-01ef-4804-a716-11ef204cf41b",TRUE,"MX",FALSE,"DD",1932812081,"Animalia",1,NA,"2024-08-26T07:01:28.024+00:00","2024-08-26T07:02:10.662+00:00","2024-08-26T07:02:10.662+00:00",21.4667,"http://creativecommons.org/publicdomain/zero/1.0/legalcode","Rio Huichihuayan at Chimalaco",NA,NA,-98.95,NA,10,NA,NA,NA,NA,"54ec9ff6-9ef9-11e3-abb4-002219aba676","74 of original 79 (not 80) recataloged as TNHC 25019 and given as gift to UNAM.","PRESENT","Cyprinodontiformes",547,NA,NA,NA,"Chordata",44,"Fluid","TNHC","EML","NORTH_AMERICA","US","3c6ad080-bdbe-11da-ac59-b8a03c50a862","Leslie|Morris|Wagner|Ellingson",NA,NA,NA,"Xiphophorus pygmaeus Hubbs & Gordon, 1943",NA,NA,"Xiphophorus pygmaeus",2350195,"pygmaeus",296,NA,NA,2350195,"ACCEPTED","SPECIES",NA,NA,NA,NA,NA,NA,NA,NA,NA,1988,2024-08-29
"134",NA,"Xiphophorus pygmaeus Hubbs & Gordon, 1943",2350195,NA,"Tamaulipas","Antiguo Morelos",NA,NA,"PRESERVED_SPECIMEN","Dean A. Hendrickson, and Adam E. Cohen. 2015. ""Fishes of Texas Project Database (Version 2.0)"", doi:10.17603/C3WC70. Accessed August    06, 2024","FOTX-TNHC_15865","Tamaulipas, Antiguo Morelos, Mexico, NORTH_AMERICA","Ichthyology Collection",NA,NA,"NORTH_AMERICA",NA,45,"Mexico",226,NA,"ba5b0f3a-73dd-459f-a7f1-9abc327aed00","Fishes of Texas Project",NA,22,NA,NA,NA,NA,NA,NA,296,NA,"1988-10-22","Salinity: F|",NA,"Poeciliidae",7659,"KW-10-22-88","Mexico","2564903501","LATIN_AMERICA","Xiphophorus","Xiphophorus",2350152,"WGS84",NA,NA,NA,NA,NA,NA,NA,NA,"North America|Mexico|Tamaulipas|Antiguo Morelos","3c6ad080-bdbe-11da-ac59-b8a03c50a862",NA,NA,NA,"Specimen not examined; ID derived from synonymization to GBIF backbone and synonyms in FoTX taxonomy | derived from effort to match GBIF backbone and FoTX synonyms",NA,"67a749f7-aa14-4e49-8104-7cd052f9fe61",6,"db7e3f20-3966-4c50-b747-4dfc7b3d3874","University of Texas Biodiversity Collections (UTBC)",NA,NA,TRUE,"MX",FALSE,"DD",2564903501,"Animalia",1,NA,"2024-08-13T23:37:53.902+00:00","2024-08-13T23:54:17.351+00:00","2024-08-13T23:54:17.351+00:00",22.450001,"http://creativecommons.org/publicdomain/zero/1.0/legalcode",NA,NA,NA,-98.966667,NA,10,NA,NA,NA,NA,"67a749f7-aa14-4e49-8104-7cd052f9fe61","MinSL: 0|MaxSL: 0|Questionable: No|Current: Yes|Primary Remarks: 20 of original 26 re-cataloged as TNHC 25018 and given as gift to UNAM.|","PRESENT","Cyprinodontiformes",547,"TNHC_15865",NA,NA,"Chordata",44,NA,"FoTX","EML","NORTH_AMERICA","US","3c6ad080-bdbe-11da-ac59-b8a03c50a862","Ellingson|Morris|Leslie|Wagner","http://www.fishesoftexas.org/specimen/TNHC_15865",NA,NA,"Xiphophorus pygmaeus Hubbs & Gordon, 1943",NA,NA,"Xiphophorus pygmaeus",2350195,"pygmaeus",296,NA,NA,2350195,"ACCEPTED","SPECIES",NA,NA,NA,NA,NA,NA,NA,NA,NA,1988,2024-08-29
"143",NA,"Xiphophorus pygmaeus Hubbs & Gordon, 1943",2350195,NA,"San Luis Potosi",NA,NA,NA,"PRESERVED_SPECIMEN",NA,"210729","Rio Huichihuayan, trib. to Rio Axtla, at bridge crossing just W of Hwy 85 on road to Xilitla; Rio Panuco basin, San Luis Potosi, Mexico, NORTH_AMERICA","ummz_fish",NA,"63bd995d-b48c-425d-bb55-04ce8477116d","NORTH_AMERICA",NA,NA,"Mexico",341,NA,"59825263-9f89-43a9-8f22-c22a6a53b8fc","Fish",NA,22,NA,NA,NA,NA,NA,NA,22,NA,"1982-01-22",NA,"0945-1130","Poeciliidae",7659,"RRM82-3","Mexico","1889111832","LATIN_AMERICA","Xiphophorus","Xiphophorus",2350152,"WGS84",NA,NA,NA,NA,NA,NA,NA,NA,NA,"a5486e02-d249-4809-9273-deac47fb11e0",NA,NA,NA,NA,NA,"911d3ced-9e9a-4ca5-a777-d92f89ac3ad1",NA,"cfbb523a-883c-48db-8258-dcfe32b11d64","UMMZ",NA,"2a508411-2acd-45df-8a8b-00094ac65f87",TRUE,"MX",FALSE,"DD",1889111832,"Animalia",1,NA,"2024-08-01T04:03:06.649+00:00","2024-08-01T04:08:10.665+00:00","2024-08-01T04:08:10.665+00:00",21.466667,"http://creativecommons.org/licenses/by/4.0/legalcode","Rio Huichihuayan, trib. to Rio Axtla, at bridge crossing just W of Hwy 85 on road to Xilitla; Rio Panuco basin",NA,"Orig.#M82-3",-98.916667,NA,1,NA,NA,NA,NA,"911d3ced-9e9a-4ca5-a777-d92f89ac3ad1",NA,"PRESENT","Cyprinodontiformes",547,NA,NA,NA,"Chordata",44,"EtOH - 188",NA,"EML","NORTH_AMERICA","US","6ea87510-0561-11d8-b851-b8a03c50a862","RR, FH Miller, B Chernoff",NA,NA,"mesh seines","Xiphophorus pygmaeus Hubbs & Gordon, 1943",NA,NA,"Xiphophorus pygmaeus",2350195,"pygmaeus",22,NA,NA,2350195,"ACCEPTED","SPECIES","Subtopotypes.  Common along banks and in current.",NA,NA,NA,NA,NA,NA,NA,NA,1982,2024-08-29
"148",NA,"Xiphophorus pygmaeus Hubbs & Gordon, 1943",2350195,NA,NA,NA,NA,NA,"PRESERVED_SPECIMEN",NA,"ZSM-Pis-026361 / 531754 / 383342","Rio Huichihuayan, S of Huichihuayan [Rio Moctezuma affluent], Prov. San Luis Potosi; Panuco, Mexico, NORTH_AMERICA","ZSMpiscescoll",NA,NA,"NORTH_AMERICA",NA,NA,"Mexico",308,NA,"2f8a1bdb-1ef9-418b-abc7-a5535746f316",NA,NA,14,NA,NA,NA,NA,NA,NA,226,NA,"1979-08-14",NA,NA,"Poeciliidae",7659,NA,"Mexico","1265786210","LATIN_AMERICA","Xiphophorus","Xiphophorus",2350152,"WGS84",NA,NA,NA,NA,NA,NA,NA,NA,NA,"0674aea0-a7e1-11d8-9534-b8a03c50a862",NA,NA,NA,NA,NA,"http://id.snsb.info/zsm/collection_zsm/492545/531754/383342",NA,"6038e54e-f762-11e1-a439-00145eb45e9a","SNSB-ZSM","http://grscicoll.org/institution/bavarian-state-collection-zoology","774f65a5-ed87-4356-9515-ea9fd8d68650",FALSE,"MX",FALSE,"DD",1265786210,"Animalia",1,NA,"2024-06-07T15:51:52.167+00:00","2024-06-07T15:52:18.340+00:00","2024-06-07T15:52:18.340+00:00",21.480556,"http://creativecommons.org/licenses/by/4.0/legalcode","Rio Huichihuayan, S of Huichihuayan [Rio Moctezuma affluent], Prov. San Luis Potosi; Panuco",NA,NA,-98.966667,NA,8,NA,NA,NA,NA,"http://id.snsb.info/zsm/collection_zsm/492545/531754/383342",NA,"PRESENT","Cyprinodontiformes",547,NA,NA,NA,"Chordata",44,NA,NA,"BIOCASE","EUROPE","DE","0674aea0-a7e1-11d8-9534-b8a03c50a862",NA,NA,NA,NA,"Xiphophorus pygmaeus Hubbs & Gordon, 1943",NA,NA,"Xiphophorus pygmaeus",2350195,"pygmaeus",226,NA,NA,2350195,"ACCEPTED","SPECIES",NA,NA,NA,NA,NA,NA,NA,NA,NA,1979,2024-08-29
"156","Xiphophorus pygmaeus","Xiphophorus pygmaeus Hubbs & Gordon, 1943",2350195,NA,"San luis potosi","CIUDAD VALLES","Rauchenberger,M., K. D. Kallman & D. C. Morizot. 1990. Monophyly and Geography of the Rio Panuco Basin Swordtails (Genus Xiphophorus) with Descriptions of Four New Species. American Museum Novitates. (2975):1-141. American Museum of Natural History, U.S.A.",NA,"PRESERVED_SPECIMEN","Soto-Galera, E., L. Alcántara-Soria & J. Paulo-Maya. 2018. Estado actual, identificación de riesgos y propuestas para el manejo de las especies invasoras presentes en las regiones hidrológicas prioritarias, Confluencia de las Huastecas, Media Luna y Cabecera del río de La Laja. Escuela Nacional de Ciencias Biológicas. Instituto Politécnico Nacional. Base de datos SNIB-CONABIO, Proyecto No. LI038, HA026, FM027, FM017, W040, Y026, T027, S115, L051 y P006. Ciudad de México","P3623","12 km al O en el río Nacimiento, San luis potosi, CIUDAD VALLES, Mexico, NORTH_AMERICA","ENCB-IPN-P","37",NA,"NORTH_AMERICA",NA,70,"Mexico",161,"5417790df262a41845ea89fe27cdb4c0","ec79bfca-83fc-4f89-baad-9a76d320953b","Estado actual, identificación de riesgos y propuestas para el manejo de las especies invasoras presentes en las regiones hidrológicas prioritarias, confluencia de las Huastecas, Media Luna y Cabecera del río de La Laja",NA,8,0,0,NA,"Otros Datos Ejemplar / Capturista: Adelina Otros Datos Ejemplar / FechaCapturaEjemplar: 05/09/2011 02:06:37 p. m.",0,0,128,NA,"1971-05-08",NA,NA,"Poeciliidae",7659,"NO DISPONIBLE","Mexico","2629252085","LATIN_AMERICA","Xiphophorus","Xiphophorus",2350152,"WGS84",NA,NA,NA,NA,"Mapa, INEGI, 1990, 1:1 000 000",NA,"Río","Animalia; Chordata; Osteichthyes; Cyprinodontiformes; Poeciliidae; Xiphophorus",NA,"ff90b050-c256-11db-b71b-b8a03c50a862",NA,NA,"15080",NA,"Soto-Galera, E.","774f3563707d161b5cdbbb2d0c85b4f8",1,"e081c7d7-2dab-42fd-94c4-9f275767fe7d","ENCB-IPN","17","e89b5741-a9de-46c8-9acf-01e785bc36ab",FALSE,"MX",FALSE,"DD",2629252085,"Animalia",1,"es","2023-08-31T06:54:40.190+00:00","2024-01-25T01:47:47.448+00:00","2024-01-25T01:47:47.448+00:00",21.983333,"http://creativecommons.org/licenses/by/4.0/legalcode","12 km al O en el río Nacimiento","3429",NA,-99,"2021-03-19T00:00:00.000+00:00",5,"Fricke, Eschmeyer & van der Laan, 2020",NA,"0",NA,"774f3563707d161b5cdbbb2d0c85b4f8",NA,"PRESENT","Cyprinodontiformes",547,NA,"Escuela Nacional de Ciencias Biológicas, Instituto Politécnico Nacional","Xiphophorus","Chordata",44,"Formol al 10%","SNIB-LI038-LI0381806F_SIB2018.10.02-ND","EML","LATIN_AMERICA","MX","ff90b050-c256-11db-b71b-b8a03c50a862","Álvarez-Solórzano, T.; Ocaña, A.; García, E.",NA,"Comisión Nacional para el Conocimiento y Uso de la Biodiversidad (CONABIO)",NA,"Xiphophorus pygmaeus Hubbs & Gordon, 1943","161602",NA,"Xiphophorus pygmaeus",2350195,"pygmaeus",128,NA,"73770584c2da720fbb9d894be96e3986",2350195,"ACCEPTED","SPECIES",NA,"Event",NA,"grados minutos segundos",NA,NA,NA,"espada pigmea delgada, pygmy swordtail, livebearers, espada pigmea delgada, espada pigmeo delgado",NA,1971,2024-08-29
"157","Xiphophorus pygmaeus","Xiphophorus pygmaeus Hubbs & Gordon, 1943",2350195,NA,"San luis potosi","CIUDAD VALLES","Rauchenberger,M., K. D. Kallman & D. C. Morizot. 1990. Monophyly and Geography of the Rio Panuco Basin Swordtails (Genus Xiphophorus) with Descriptions of Four New Species. American Museum Novitates. (2975):1-141. American Museum of Natural History, U.S.A.",NA,"PRESERVED_SPECIMEN","Soto-Galera, E., L. Alcántara-Soria & J. Paulo-Maya. 2018. Estado actual, identificación de riesgos y propuestas para el manejo de las especies invasoras presentes en las regiones hidrológicas prioritarias, Confluencia de las Huastecas, Media Luna y Cabecera del río de La Laja. Escuela Nacional de Ciencias Biológicas. Instituto Politécnico Nacional. Base de datos SNIB-CONABIO, Proyecto No. LI038, HA026, FM027, FM017, W040, Y026, T027, S115, L051 y P006. Ciudad de México","P3625","El Pujal a 12 km al S en el Río Coy, San luis potosi, CIUDAD VALLES, Mexico, NORTH_AMERICA","ENCB-IPN-P","37",NA,"NORTH_AMERICA",NA,70,"Mexico",161,"5417790df262a41845ea89fe27cdb4c0","ec79bfca-83fc-4f89-baad-9a76d320953b","Estado actual, identificación de riesgos y propuestas para el manejo de las especies invasoras presentes en las regiones hidrológicas prioritarias, confluencia de las Huastecas, Media Luna y Cabecera del río de La Laja",NA,8,0,0,NA,"Otros Datos Ejemplar / Capturista: Adelina Otros Datos Ejemplar / FechaCapturaEjemplar: 05/09/2011 02:06:37 p. m.",0,0,128,NA,"1971-05-08",NA,NA,"Poeciliidae",7659,"NO DISPONIBLE","Mexico","2629249471","LATIN_AMERICA","Xiphophorus","Xiphophorus",2350152,"WGS84",NA,NA,NA,NA,"Mapa, INEGI, 1990, 1:1 000 000",NA,"Río","Animalia; Chordata; Osteichthyes; Cyprinodontiformes; Poeciliidae; Xiphophorus",NA,"ff90b050-c256-11db-b71b-b8a03c50a862",NA,NA,"15086",NA,"Soto-Galera, E.","8ad723bdc045bb3ad2f4a97d89703875",2,"e081c7d7-2dab-42fd-94c4-9f275767fe7d","ENCB-IPN","17","e89b5741-a9de-46c8-9acf-01e785bc36ab",FALSE,"MX",FALSE,"DD",2629249471,"Animalia",1,"es","2023-08-31T06:54:40.190+00:00","2024-01-25T01:47:45.820+00:00","2024-01-25T01:47:45.820+00:00",21.8473,"http://creativecommons.org/licenses/by/4.0/legalcode","El Pujal a 12 km al S en el Río Coy","3328",NA,-98.939144,"2021-03-19T00:00:00.000+00:00",5,"Fricke, Eschmeyer & van der Laan, 2020",NA,"0",NA,"8ad723bdc045bb3ad2f4a97d89703875",NA,"PRESENT","Cyprinodontiformes",547,NA,"Escuela Nacional de Ciencias Biológicas, Instituto Politécnico Nacional","Xiphophorus","Chordata",44,"Formol al 10%","SNIB-LI038-LI0381806F_SIB2018.10.02-ND","EML","LATIN_AMERICA","MX","ff90b050-c256-11db-b71b-b8a03c50a862","Álvarez-Solórzano, T.; Ocaña, A.; García, E.",NA,"Comisión Nacional para el Conocimiento y Uso de la Biodiversidad (CONABIO)",NA,"Xiphophorus pygmaeus Hubbs & Gordon, 1943","161602",NA,"Xiphophorus pygmaeus",2350195,"pygmaeus",128,NA,"73770584c2da720fbb9d894be96e3986",2350195,"ACCEPTED","SPECIES",NA,"Event",NA,"grados minutos segundos",NA,NA,NA,"espada pigmea delgada, pygmy swordtail, livebearers, espada pigmea delgada, espada pigmeo delgado",NA,1971,2024-08-29
"158","Xiphophorus pygmaeus","Xiphophorus pygmaeus Hubbs & Gordon, 1943",2350195,NA,"Morelos","JIUTEPEC","Rauchenberger,M., K. D. Kallman & D. C. Morizot. 1990. Monophyly and Geography of the Rio Panuco Basin Swordtails (Genus Xiphophorus) with Descriptions of Four New Species. American Museum Novitates. (2975):1-141. American Museum of Natural History, U.S.A.",NA,"PRESERVED_SPECIMEN","Soto-Galera, E., L. Alcántara-Soria & J. Paulo-Maya. 2018. Estado actual, identificación de riesgos y propuestas para el manejo de las especies invasoras presentes en las regiones hidrológicas prioritarias, Confluencia de las Huastecas, Media Luna y Cabecera del río de La Laja. Escuela Nacional de Ciencias Biológicas. Instituto Politécnico Nacional. Base de datos SNIB-CONABIO, Proyecto No. LI038, HA026, FM027, FM017, W040, Y026, T027, S115, L051 y P006. Ciudad de México","P1278","Jiutepec, Morelos, JIUTEPEC, Mexico, NORTH_AMERICA","ENCB-IPN-P","37",NA,"NORTH_AMERICA",NA,90,"Mexico",161,"49071cc083acbeb23c5a8a2cd7190e16","ec79bfca-83fc-4f89-baad-9a76d320953b","Estado actual, identificación de riesgos y propuestas para el manejo de las especies invasoras presentes en las regiones hidrológicas prioritarias, confluencia de las Huastecas, Media Luna y Cabecera del río de La Laja",NA,21,0,0,NA,"Otros Datos Ejemplar / Abundancia: 8 Otros Datos Ejemplar / Capturista: Adelina Otros Datos Ejemplar / FechaCapturaEjemplar: 26/04/2001 02:00:25 p. m.",0,0,80,NA,"1970-03-21",NA,NA,"Poeciliidae",7659,"NO DISPONIBLE","Mexico","2629260281","LATIN_AMERICA","Xiphophorus","Xiphophorus",2350152,"WGS84",NA,NA,NA,NA,"Mapa, INEGI, 1990, 1:1 000 000",NA,"Dulceacuícola","Animalia; Chordata; Osteichthyes; Cyprinodontiformes; Poeciliidae; Xiphophorus",NA,"ff90b050-c256-11db-b71b-b8a03c50a862",NA,NA,"5580",NA,"Díaz-Pardo, E.; Soria-Barreto, M.","3fcf23bad684239dd21ae7121ccd3ff6",8,"e081c7d7-2dab-42fd-94c4-9f275767fe7d","ENCB-IPN","17","e89b5741-a9de-46c8-9acf-01e785bc36ab",FALSE,"MX",FALSE,"DD",2629260281,"Animalia",1,"es","2023-08-31T06:54:40.190+00:00","2024-01-25T01:47:43.853+00:00","2024-01-25T01:47:43.853+00:00",18.885556,"http://creativecommons.org/licenses/by/4.0/legalcode","Jiutepec","1035",NA,-99.161389,"2021-03-19T00:00:00.000+00:00",3,"Fricke, Eschmeyer & van der Laan, 2020",NA,"0",NA,"3fcf23bad684239dd21ae7121ccd3ff6",NA,"PRESENT","Cyprinodontiformes",547,NA,"Escuela Nacional de Ciencias Biológicas, Instituto Politécnico Nacional","Xiphophorus","Chordata",44,"Formol al 10%","SNIB-LI038-LI0381806F_SIB2018.10.02-ND","EML","LATIN_AMERICA","MX","ff90b050-c256-11db-b71b-b8a03c50a862","De la Vega, L.",NA,"Comisión Nacional para el Conocimiento y Uso de la Biodiversidad (CONABIO)",NA,"Xiphophorus pygmaeus Hubbs & Gordon, 1943","161602",NA,"Xiphophorus pygmaeus",2350195,"pygmaeus",80,NA,"73770584c2da720fbb9d894be96e3986",2350195,"ACCEPTED","SPECIES",NA,"Event",NA,"grados minutos segundos",NA,NA,NA,"espada pigmea delgada, pygmy swordtail, livebearers, espada pigmea delgada, espada pigmeo delgado",NA,1970,2024-08-29
"161","Xiphophorus pygmaeus","Xiphophorus pygmaeus Hubbs & Gordon, 1943",2350195,NA,"San luis potosi","COXCATLAN",NA,NA,"PRESERVED_SPECIMEN","Soto-Galera, E., L. Alcántara-Soria & J. Paulo-Maya. 2018. Estado actual, identificación de riesgos y propuestas para el manejo de las especies invasoras presentes en las regiones hidrológicas prioritarias, Confluencia de las Huastecas, Media Luna y Cabecera del río de La Laja. Escuela Nacional de Ciencias Biológicas. Instituto Politécnico Nacional. Base de datos SNIB-CONABIO, Proyecto No. LI038, HA026, FM027, FM017, W040, Y026, T027, S115, L051 y P006. Ciudad de México","UMMZ 182556","Rio Axtla, about 150 yds upstream from ferry to Xilitla, San luis potosi, COXCATLAN, Mexico, NORTH_AMERICA","UMMZ","3679","ddfcd903-0d30-4d66-abb1-9a170b877391","NORTH_AMERICA",NA,70,"Mexico",161,"5417790df262a41845ea89fe27cdb4c0","ec79bfca-83fc-4f89-baad-9a76d320953b","Estado actual, identificación de riesgos y propuestas para el manejo de las especies invasoras presentes en las regiones hidrológicas prioritarias, confluencia de las Huastecas, Media Luna y Cabecera del río de La Laja",NA,24,0,0,NA,"Otros Datos Ejemplar / Capturista: lilian Otros Datos Ejemplar / FechaCapturaEjemplar: 05/09/2011 02:06:37 p. m.",0,0,359,NA,"1964-12-24",NA,NA,"Poeciliidae",7659,"NO DISPONIBLE","Mexico","2629253632","LATIN_AMERICA","Xiphophorus","Xiphophorus",2350152,"WGS84",NA,NA,NA,NA,NA,NA,"Río","Animalia; Chordata; Osteichthyes; Cyprinodontiformes; Poeciliidae; Xiphophorus",NA,"ff90b050-c256-11db-b71b-b8a03c50a862",NA,NA,"16007",NA,"Miller, R. R.","8d4a0e2632154994cd5d0cf4276fe43f",1,"e081c7d7-2dab-42fd-94c4-9f275767fe7d","UMMZ","559","2a508411-2acd-45df-8a8b-00094ac65f87",TRUE,"MX",FALSE,"DD",2629253632,"Animalia",1,"es","2023-08-31T06:54:40.190+00:00","2024-01-25T01:47:48.492+00:00","2024-01-25T01:47:48.492+00:00",21.475,"http://creativecommons.org/licenses/by/4.0/legalcode","Rio Axtla, about 150 yds upstream from ferry to Xilitla","3622",NA,-98.925,"2021-03-19T00:00:00.000+00:00",12,"Fricke, Eschmeyer & van der Laan, 2020",NA,"0",NA,"8d4a0e2632154994cd5d0cf4276fe43f",NA,"PRESENT","Cyprinodontiformes",547,NA,"University of Michigan, Museum of Zoology","Xiphophorus","Chordata",44,"Alcohol al 70%","SNIB-LI038-LI0381806F_SIB2018.10.02-ND","EML","LATIN_AMERICA","MX","ff90b050-c256-11db-b71b-b8a03c50a862","Wakefield, R.; Stratton, G.",NA,"Comisión Nacional para el Conocimiento y Uso de la Biodiversidad (CONABIO)",NA,"Xiphophorus pygmaeus Hubbs & Gordon, 1943","161602",NA,"Xiphophorus pygmaeus",2350195,"pygmaeus",359,NA,"73770584c2da720fbb9d894be96e3986",2350195,"ACCEPTED","SPECIES",NA,"Event",NA,"grados minutos segundos",NA,NA,NA,"espada pigmea delgada, pygmy swordtail, livebearers, espada pigmea delgada, espada pigmeo delgado",NA,1964,2024-08-29
"165","Xiphophorus pygmaeus","Xiphophorus pygmaeus Hubbs & Gordon, 1943",2350195,NA,"San luis potosi","CIUDAD VALLES",NA,NA,"PRESERVED_SPECIMEN","Soto-Galera, E., L. Alcántara-Soria & J. Paulo-Maya. 2018. Estado actual, identificación de riesgos y propuestas para el manejo de las especies invasoras presentes en las regiones hidrológicas prioritarias, Confluencia de las Huastecas, Media Luna y Cabecera del río de La Laja. Escuela Nacional de Ciencias Biológicas. Instituto Politécnico Nacional. Base de datos SNIB-CONABIO, Proyecto No. LI038, HA026, FM027, FM017, W040, Y026, T027, S115, L051 y P006. Ciudad de México","UMMZ 177301","Nacimiento del Rio Choy , 4 Km N of Hotel Taninul, 3 Km N of road from Valles-Tampico hwy (rt 110), San luis potosi, CIUDAD VALLES, Mexico, NORTH_AMERICA","UMMZ","3679","ddfcd903-0d30-4d66-abb1-9a170b877391","NORTH_AMERICA",NA,70,"Mexico",161,"5417790df262a41845ea89fe27cdb4c0","ec79bfca-83fc-4f89-baad-9a76d320953b","Estado actual, identificación de riesgos y propuestas para el manejo de las especies invasoras presentes en las regiones hidrológicas prioritarias, confluencia de las Huastecas, Media Luna y Cabecera del río de La Laja",NA,19,0,0,NA,"Otros Datos Ejemplar / Capturista: lilian Otros Datos Ejemplar / FechaCapturaEjemplar: 05/09/2011 02:06:37 p. m.",0,0,19,NA,"1957-01-19",NA,NA,"Poeciliidae",7659,"NO DISPONIBLE","Mexico","2629248877","LATIN_AMERICA","Xiphophorus","Xiphophorus",2350152,"WGS84",NA,NA,NA,NA,NA,NA,"Río","Animalia; Chordata; Osteichthyes; Cyprinodontiformes; Poeciliidae; Xiphophorus",NA,"ff90b050-c256-11db-b71b-b8a03c50a862",NA,NA,"16006",NA,"Miller, R. R.","a6e44bc782c48b0084c2ca0fb71fc599",1,"e081c7d7-2dab-42fd-94c4-9f275767fe7d","UMMZ","559","2a508411-2acd-45df-8a8b-00094ac65f87",TRUE,"MX",FALSE,"DD",2629248877,"Animalia",1,"es","2023-08-31T06:54:40.190+00:00","2024-01-25T01:47:46.578+00:00","2024-01-25T01:47:46.578+00:00",22.091667,"http://creativecommons.org/licenses/by/4.0/legalcode","Nacimiento del Rio Choy , 4 Km N of Hotel Taninul, 3 Km N of road from Valles-Tampico hwy (rt 110)","3612",NA,-98.975,"2021-03-19T00:00:00.000+00:00",1,"Fricke, Eschmeyer & van der Laan, 2020",NA,"0",NA,"a6e44bc782c48b0084c2ca0fb71fc599",NA,"PRESENT","Cyprinodontiformes",547,NA,"University of Michigan, Museum of Zoology","Xiphophorus","Chordata",44,"Alcohol al 70%","SNIB-LI038-LI0381806F_SIB2018.10.02-ND","EML","LATIN_AMERICA","MX","ff90b050-c256-11db-b71b-b8a03c50a862","Rosen, D. E.; Gordon, M.",NA,"Comisión Nacional para el Conocimiento y Uso de la Biodiversidad (CONABIO)",NA,"Xiphophorus pygmaeus Hubbs & Gordon, 1943","161602",NA,"Xiphophorus pygmaeus",2350195,"pygmaeus",19,NA,"73770584c2da720fbb9d894be96e3986",2350195,"ACCEPTED","SPECIES",NA,"Event",NA,"grados minutos segundos",NA,NA,NA,"espada pigmea delgada, pygmy swordtail, livebearers, espada pigmea delgada, espada pigmeo delgado",NA,1957,2024-08-29
"166","Xiphophorus pygmaeus","Xiphophorus pygmaeus Hubbs & Gordon, 1943",2350195,NA,"San luis potosi","AQUISMON","Rauchenberger,M., K. D. Kallman & D. C. Morizot. 1990. Monophyly and Geography of the Rio Panuco Basin Swordtails (Genus Xiphophorus) with Descriptions of Four New Species. American Museum Novitates. (2975):1-141. American Museum of Natural History, U.S.A.",NA,"PRESERVED_SPECIMEN","Soto-Galera, E., L. Alcántara-Soria & J. Paulo-Maya. 2018. Estado actual, identificación de riesgos y propuestas para el manejo de las especies invasoras presentes en las regiones hidrológicas prioritarias, Confluencia de las Huastecas, Media Luna y Cabecera del río de La Laja. Escuela Nacional de Ciencias Biológicas. Instituto Politécnico Nacional. Base de datos SNIB-CONABIO, Proyecto No. LI038, HA026, FM027, FM017, W040, Y026, T027, S115, L051 y P006. Ciudad de México","P1815","Río Coy, San luis potosi, AQUISMON, Mexico, NORTH_AMERICA","ENCB-IPN-P","37",NA,"NORTH_AMERICA",NA,70,"Mexico",161,"49071cc083acbeb23c5a8a2cd7190e16","ec79bfca-83fc-4f89-baad-9a76d320953b","Estado actual, identificación de riesgos y propuestas para el manejo de las especies invasoras presentes en las regiones hidrológicas prioritarias, confluencia de las Huastecas, Media Luna y Cabecera del río de La Laja",NA,30,0,0,NA,"Otros Datos Ejemplar / Abundancia: 96 Otros Datos Ejemplar / Capturista: Adelina Otros Datos Ejemplar / FechaCapturaEjemplar: 01/06/2001 01:34:16 p. m.",15,15,150,NA,"1954-05-30",NA,NA,"Poeciliidae",7659,"NO DISPONIBLE","Mexico","2629253964","LATIN_AMERICA","Xiphophorus","Xiphophorus",2350152,"WGS84",NA,NA,NA,NA,"Mapa, INEGI, 1990, 1:1 000 000",NA,"Dulceacuícola","Animalia; Chordata; Osteichthyes; Cyprinodontiformes; Poeciliidae; Xiphophorus",NA,"ff90b050-c256-11db-b71b-b8a03c50a862",NA,NA,"8114",NA,"Enríquez-Barragán, M. A.","c4f020af2cebe0a635575212d676370b",96,"e081c7d7-2dab-42fd-94c4-9f275767fe7d","ENCB-IPN","17","e89b5741-a9de-46c8-9acf-01e785bc36ab",FALSE,"MX",FALSE,"DD",2629253964,"Animalia",1,"es","2023-08-31T06:54:40.190+00:00","2024-01-25T01:47:42.751+00:00","2024-01-25T01:47:42.751+00:00",21.6125,"http://creativecommons.org/licenses/by/4.0/legalcode","Río Coy","1853",NA,-98.992222,"2021-03-19T00:00:00.000+00:00",5,"Fricke, Eschmeyer & van der Laan, 2020",NA,"0",NA,"c4f020af2cebe0a635575212d676370b",NA,"PRESENT","Cyprinodontiformes",547,NA,"Escuela Nacional de Ciencias Biológicas, Instituto Politécnico Nacional","Xiphophorus","Chordata",44,"Formol al 10%","SNIB-LI038-LI0381806F_SIB2018.10.02-ND","EML","LATIN_AMERICA","MX","ff90b050-c256-11db-b71b-b8a03c50a862","Ramírez-Granados, R.; Sevilla-Hernández, M. L.",NA,"Comisión Nacional para el Conocimiento y Uso de la Biodiversidad (CONABIO)",NA,"Xiphophorus pygmaeus Hubbs & Gordon, 1943","161602",NA,"Xiphophorus pygmaeus",2350195,"pygmaeus",150,NA,"73770584c2da720fbb9d894be96e3986",2350195,"ACCEPTED","SPECIES",NA,"Event",NA,"grados minutos segundos",NA,NA,NA,"espada pigmea delgada, pygmy swordtail, livebearers, espada pigmea delgada, espada pigmeo delgado",NA,1954,2024-08-29
"168",NA,"Xiphophorus pygmaeus Hubbs & Gordon, 1943",2350195,"http://vertnet.org/resources/norms.html",NA,NA,NA,NA,"PRESERVED_SPECIMEN","3a67f681-f472-11e6-8713-0050569523c7.","29662","Axtla R., 0.5 mi. below Pan American Hwy. bridge, Xilitla, Mexico, NORTH_AMERICA","Fish","http://grbio.org/cool/99jy-5cxe","e8bcf1dd-0d12-4e46-95c8-1c32f52bc3ba","NORTH_AMERICA",NA,3837,"Mexico",354,NA,"3633e0e7-8c25-4c3d-b9c7-078c0be25665",NA,NA,1,NA,NA,NA,NA,NA,NA,1,"native","1952-01-01",NA,NA,"Poeciliidae",7659,"MSG 003","Mexico","3698533462","LATIN_AMERICA","Xiphophorus","Xiphophorus",2350152,"WGS84","Benito Santos","2013-10-29","VertNet Georeferencing Guidelines",NA,"Fishnet2","requires verification",NA,"Animalia | Chordata | Actinopterygii | Cyprinodontiformes | Poeciliidae | Xiphophorus","North America|Mexico","2053a639-84c3-4be5-b8bc-96b6d88a976c",NA,NA,NA,NA,NA,"3a67f681-f472-11e6-8713-0050569523c7",NA,"a957a663-2f17-415f-b1c8-5cf6398df8ed","CUMV","http://grbio.org/cool/i64g-wjcr","6928a795-6e98-4cd6-99cb-668424262c28",TRUE,"MX",FALSE,"DD",3698533462,"Animalia",1,"en","2024-04-28T14:24:21.270+00:00","2024-04-29T08:59:34.183+00:00","2024-04-29T08:59:34.183+00:00",21.434121,"http://creativecommons.org/publicdomain/zero/1.0/legalcode","Axtla R., 0.5 mi. below Pan American Hwy. bridge, Xilitla",NA,NA,-98.908275,"2018-03-01T00:00:00.000+00:00",1,NA,NA,NA,"ICZN","3a67f681-f472-11e6-8713-0050569523c7",NA,"PRESENT","Cyprinodontiformes",547,NA,NA,NA,"Chordata",44,"whole organism (isopropanol) - 24",NA,"EML","NORTH_AMERICA","US","cf9ceb80-9f3d-11da-b791-b8a03c50a862","M. Gordon","http://portal.vertnet.org/o/cumv/fish?id=3a67f681-f472-11e6-8713-0050569523c7",NA,NA,"Xiphophorus pygmaeus Hubbs & Gordon, 1943",NA,NA,"Xiphophorus pygmaeus",2350195,"pygmaeus",1,NA,NA,2350195,"ACCEPTED","SPECIES",NA,"PhysicalObject",NA,NA,NA,"1/1/1952","North America | Mexico | Axtla R., 0.5 mi. below Pan American Hwy. bridge, Xilitla",NA,NA,1952,2024-08-29
"169",NA,"Xiphophorus pygmaeus Hubbs & Gordon, 1943",2350195,NA,"San Luis Potosi State",NA,NA,NA,"PRESERVED_SPECIMEN",NA,"47644","8 miles north of Tamazunchale, 'ditch' near Matlapa., San Luis Potosi State, Mexico, NORTH_AMERICA","SU(ICH)","http://grscicoll.org/institutional-collection/cas-ichthyology","ae47c141-d473-4f7f-a4d7-c02e7aa53e16","NORTH_AMERICA",NA,2009,"Mexico",592,NA,"5d6c10bd-ea31-4363-8b79-58c96d859f5b",NA,"1952-11-28T00:00:00",14,NA,NA,NA,NA,NA,NA,227,NA,"1952-08-14","Locality #14.",NA,"Poeciliidae",7659,"MRB 14-VIII-52C","Mexico","3426469684","LATIN_AMERICA","Xiphophorus","Xiphophorus",2350152,"WGS84",NA,NA,"FishNet Collaborative Georeferencing Project","Matlapa is 6.6 miles (10.6 km) NWN of Tamazunchale. Marker placed along northern outskirts of the town; uncertainty radius about 2 km. No further information given.",NA,NA,NA,"Chordata, Actinopteri, Cyprinodontiformes, Cyprinodontoidei, Poeciliidae, Poeciliinae","North America, Mexico","66522820-055c-11d8-b84e-b8a03c50a862",NA,NA,NA,NA,"C. L. Hubbs","urn:catalog:CAS:SU(ICH):47644",4,"a43950ae-eb88-4ef4-bfff-43bcf12885ad","CAS","http://grscicoll.org/institution/california-academy-sciences","d2a27206-87ab-47ea-b5fc-d2e57054b688",FALSE,"MX",FALSE,"DD",3426469684,"Animalia",1,"en","2024-08-26T22:38:15.647+00:00","2024-08-26T22:44:27.574+00:00","2024-08-26T22:44:27.574+00:00",21.343326,"http://creativecommons.org/publicdomain/zero/1.0/legalcode","8 miles north of Tamazunchale, 'ditch' near Matlapa.",NA,NA,-98.832545,"1995-07-31T00:00:00.000+00:00",8,NA,NA,NA,"ICZN","urn:catalog:CAS:SU(ICH):47644",NA,"PRESENT","Cyprinodontiformes",547,NA,NA,NA,"Chordata",44,"alcohol-55% isopropanol",NA,"EML","NORTH_AMERICA","US","66522820-055c-11d8-b84e-b8a03c50a862","Brittan, Martin R.",NA,NA,NA,"Xiphophorus pygmaeus Hubbs & Gordon, 1943",NA,NA,"Xiphophorus pygmaeus",2350195,"pygmaeus",227,NA,NA,2350195,"ACCEPTED","SPECIES",NA,"Physical Object",NA,NA,NA,NA,NA,NA,NA,1952,2024-08-29
"171",NA,"Xiphophorus pygmaeus Hubbs & Gordon, 1943",2350195,"http://vertnet.org/resources/norms.html","San Luis Potosí",NA,NA,NA,"PRESERVED_SPECIMEN","3f1589f2-f472-11e6-8713-0050569523c7.","29654","Río Axtla, approx. 0.75 mi. upstream from ferry, Xilitla, San Luis Potosí, Mexico, NORTH_AMERICA","Fish","http://grbio.org/cool/99jy-5cxe","e8bcf1dd-0d12-4e46-95c8-1c32f52bc3ba","NORTH_AMERICA",NA,2679,"Mexico",354,NA,"3633e0e7-8c25-4c3d-b9c7-078c0be25665",NA,NA,31,NA,NA,NA,NA,NA,NA,365,"native","1951-12-31",NA,NA,"Poeciliidae",7659,"MSG 002","Mexico","3698489898","LATIN_AMERICA","Xiphophorus","Xiphophorus",2350152,"WGS84","Diego Barroso","2013-04-15","VertNet Georeferencing Guidelines",NA,"Fishnet2","requires verification",NA,"Animalia | Chordata | Actinopterygii | Cyprinodontiformes | Poeciliidae | Xiphophorus","North America|Mexico|San Luis Potosi","2053a639-84c3-4be5-b8bc-96b6d88a976c",NA,NA,NA,NA,NA,"3f1589f2-f472-11e6-8713-0050569523c7",NA,"a957a663-2f17-415f-b1c8-5cf6398df8ed","CUMV","http://grbio.org/cool/i64g-wjcr","6928a795-6e98-4cd6-99cb-668424262c28",TRUE,"MX",FALSE,"DD",3698489898,"Animalia",1,"en","2024-04-28T14:24:21.270+00:00","2024-04-29T08:59:23.093+00:00","2024-04-29T08:59:23.093+00:00",21.420655,"http://creativecommons.org/publicdomain/zero/1.0/legalcode","Río Axtla, approx. 0.75 mi. upstream from ferry, Xilitla",NA,NA,-98.900294,"2018-03-22T00:00:00.000+00:00",12,NA,NA,NA,"ICZN","3f1589f2-f472-11e6-8713-0050569523c7",NA,"PRESENT","Cyprinodontiformes",547,NA,NA,NA,"Chordata",44,"whole organism (isopropanol) - 1",NA,"EML","NORTH_AMERICA","US","cf9ceb80-9f3d-11da-b791-b8a03c50a862","M. Gordon;  P. Caswell","http://portal.vertnet.org/o/cumv/fish?id=3f1589f2-f472-11e6-8713-0050569523c7",NA,NA,"Xiphophorus pygmaeus Hubbs & Gordon, 1943",NA,NA,"Xiphophorus pygmaeus",2350195,"pygmaeus",365,NA,NA,2350195,"ACCEPTED","SPECIES",NA,"PhysicalObject",NA,NA,NA,"31/12/1951","North America | Mexico | San Luis Potosi | Río Axtla, approx. 0.75 mi. upstream from ferry, Xilitla",NA,NA,1951,2024-08-29
"176",NA,"Xiphophorus pygmaeus Hubbs & Gordon, 1943",2350195,"http://vertnet.org/resources/norms.html","San Luis Potosí",NA,NA,NA,"PRESERVED_SPECIMEN","035c2995-2c79-11e4-b6be-a4badbf9cec0. http://ipt.vertnet.org:8080/ipt/resource.do?r=lsumz_fishes.","414","2 km SW Huichihuan, San Luis Potosí, Mexico, NORTH_AMERICA","Fishes",NA,NA,"NORTH_AMERICA",NA,1476,"Mexico",323,NA,"8a1073ce-54a4-4712-89a6-e14d82836d9e",NA,NA,26,NA,NA,NA,NA,NA,NA,330,"native","1950-11-26",NA,NA,"Poeciliidae",7659,NA,"Mexico","1137099334","LATIN_AMERICA","Xiphophorus","Xiphophorus",2350152,"WGS84",NA,"2013-05-01",NA,NA,NA,"requires verification",NA,"Animalia | Chordata | Actinopterygii | Cyprinodontiformes | Poeciliidae | Xiphophorus","North America|Mexico|San Luis Potosí|--","2053a639-84c3-4be5-b8bc-96b6d88a976c",NA,NA,NA,NA,NA,"035c2995-2c79-11e4-b6be-a4badbf9cec0",NA,"a957a663-2f17-415f-b1c8-5cf6398df8ed","LSUMZ","http://grbio.org/cool/ew6z-dwdm","07bba8b3-fc1d-4983-b9de-39c13d9d1232",FALSE,"MX",FALSE,"DD",1137099334,"Animalia",1,"en","2024-04-28T12:10:22.096+00:00","2024-04-29T09:12:34.419+00:00","2024-04-29T09:12:34.419+00:00",21.4687,"http://creativecommons.org/publicdomain/zero/1.0/legalcode","2 km SW Huichihuan",NA,NA,-98.981288,"2019-10-10T00:00:00.000+00:00",11,NA,NA,NA,"ICZN","035c2995-2c79-11e4-b6be-a4badbf9cec0",NA,"PRESENT","Cyprinodontiformes",547,NA,NA,NA,"Chordata",44,"1 EtOH",NA,"EML","NORTH_AMERICA","US","c361e830-181e-11da-9544-b8a03c50a862","Gregg, R","http://portal.vertnet.org/o/lsumz/fishes?id=035c2995-2c79-11e4-b6be-a4badbf9cec0",NA,NA,"Xiphophorus pygmaeus Hubbs & Gordon, 1943",NA,NA,"Xiphophorus pygmaeus",2350195,"pygmaeus",330,NA,NA,2350195,"ACCEPTED","SPECIES",NA,"PhysicalObject",NA,NA,NA,"1950-11-26","North America | Mexico | San Luis Potosí | -- | 2 km SW Huichihuan",NA,NA,1950,2024-08-29
"178","Xiphophorus pygmaeus","Xiphophorus pygmaeus Hubbs & Gordon, 1943",2350195,NA,"San luis potosi","AXTLA DE TERRAZAS",NA,NA,"PRESERVED_SPECIMEN","Soto-Galera, E., L. Alcántara-Soria & J. Paulo-Maya. 2018. Estado actual, identificación de riesgos y propuestas para el manejo de las especies invasoras presentes en las regiones hidrológicas prioritarias, Confluencia de las Huastecas, Media Luna y Cabecera del río de La Laja. Escuela Nacional de Ciencias Biológicas. Instituto Politécnico Nacional. Base de datos SNIB-CONABIO, Proyecto No. LI038, HA026, FM027, FM017, W040, Y026, T027, S115, L051 y P006. Ciudad de México","UMMZ 194959","Rio Axtla at Danubio, 4 mi upstream from Axtla; Panuco drainage, San luis potosi, AXTLA DE TERRAZAS, Mexico, NORTH_AMERICA","UMMZ","3679","ddfcd903-0d30-4d66-abb1-9a170b877391","NORTH_AMERICA",NA,70,"Mexico",161,"5417790df262a41845ea89fe27cdb4c0","ec79bfca-83fc-4f89-baad-9a76d320953b","Estado actual, identificación de riesgos y propuestas para el manejo de las especies invasoras presentes en las regiones hidrológicas prioritarias, confluencia de las Huastecas, Media Luna y Cabecera del río de La Laja",NA,4,0,0,NA,"Otros Datos Ejemplar / Capturista: lilian Otros Datos Ejemplar / FechaCapturaEjemplar: 05/09/2011 02:06:37 p. m.",0,0,186,NA,"1948-07-04",NA,NA,"Poeciliidae",7659,"NO DISPONIBLE","Mexico","2629255107","LATIN_AMERICA","Xiphophorus","Xiphophorus",2350152,"WGS84",NA,NA,NA,NA,NA,NA,"Río","Animalia; Chordata; Osteichthyes; Cyprinodontiformes; Poeciliidae; Xiphophorus",NA,"ff90b050-c256-11db-b71b-b8a03c50a862",NA,NA,"16093",NA,"Miller, R. R.","e09a99a66d83d0ba3aaa6be8d7fb8c35",29,"e081c7d7-2dab-42fd-94c4-9f275767fe7d","UMMZ","559","2a508411-2acd-45df-8a8b-00094ac65f87",TRUE,"MX",FALSE,"DD",2629255107,"Animalia",1,"es","2023-08-31T06:54:40.190+00:00","2024-01-25T01:47:48.495+00:00","2024-01-25T01:47:48.495+00:00",21.425,"http://creativecommons.org/licenses/by/4.0/legalcode","Rio Axtla at Danubio, 4 mi upstream from Axtla; Panuco drainage","3667",NA,-98.841667,"2021-03-19T00:00:00.000+00:00",7,"Fricke, Eschmeyer & van der Laan, 2020",NA,"0",NA,"e09a99a66d83d0ba3aaa6be8d7fb8c35",NA,"PRESENT","Cyprinodontiformes",547,NA,"University of Michigan, Museum of Zoology","Xiphophorus","Chordata",44,"Alcohol al 70%","SNIB-LI038-LI0381806F_SIB2018.10.02-ND","EML","LATIN_AMERICA","MX","ff90b050-c256-11db-b71b-b8a03c50a862","Atz, J. W.; Wood, F. G.; Gordon, M.",NA,"Comisión Nacional para el Conocimiento y Uso de la Biodiversidad (CONABIO)",NA,"Xiphophorus pygmaeus Hubbs & Gordon, 1943","161602",NA,"Xiphophorus pygmaeus",2350195,"pygmaeus",186,NA,"73770584c2da720fbb9d894be96e3986",2350195,"ACCEPTED","SPECIES",NA,"Event",NA,"grados minutos segundos",NA,NA,NA,"espada pigmea delgada, pygmy swordtail, livebearers, espada pigmea delgada, espada pigmeo delgado",NA,1948,2024-08-29
"182","Xiphophorus pygmaeus","Xiphophorus pygmaeus Hubbs & Gordon, 1943",2350195,NA,"San luis potosi","CIUDAD VALLES","Rauchenberger,M., K. D. Kallman & D. C. Morizot. 1990. Monophyly and Geography of the Rio Panuco Basin Swordtails (Genus Xiphophorus) with Descriptions of Four New Species. American Museum Novitates. (2975):1-141. American Museum of Natural History, U.S.A.",NA,"PRESERVED_SPECIMEN","Soto-Galera, E., L. Alcántara-Soria & J. Paulo-Maya. 2018. Estado actual, identificación de riesgos y propuestas para el manejo de las especies invasoras presentes en las regiones hidrológicas prioritarias, Confluencia de las Huastecas, Media Luna y Cabecera del río de La Laja. Escuela Nacional de Ciencias Biológicas. Instituto Politécnico Nacional. Base de datos SNIB-CONABIO, Proyecto No. LI038, HA026, FM027, FM017, W040, Y026, T027, S115, L051 y P006. Ciudad de México","P39","El Pujal, río Coy, en el cruce de la carretera a Laredo en el km 442, 12 Km al S del pueblo, San luis potosi, CIUDAD VALLES, Mexico, NORTH_AMERICA","ENCB-IPN-P","37",NA,"NORTH_AMERICA",NA,70,"Mexico",161,"5417790df262a41845ea89fe27cdb4c0","ec79bfca-83fc-4f89-baad-9a76d320953b","Estado actual, identificación de riesgos y propuestas para el manejo de las especies invasoras presentes en las regiones hidrológicas prioritarias, confluencia de las Huastecas, Media Luna y Cabecera del río de La Laja",NA,8,0,0,NA,"Otros Datos Ejemplar / Capturista: Adelina Otros Datos Ejemplar / FechaCapturaEjemplar: 05/09/2011 02:06:37 p. m.",0,0,342,NA,"1945-12-08",NA,NA,"Poeciliidae",7659,"NO DISPONIBLE","Mexico","2629249698","LATIN_AMERICA","Xiphophorus","Xiphophorus",2350152,"WGS84",NA,NA,NA,NA,"Mapa, INEGI, 1982, 1:1 000 000",NA,"Río","Animalia; Chordata; Osteichthyes; Cyprinodontiformes; Poeciliidae; Xiphophorus",NA,"ff90b050-c256-11db-b71b-b8a03c50a862",NA,NA,"15031",NA,"Soto-Galera, E.","b86378382b74d3911226de2bf31a0920",7,"e081c7d7-2dab-42fd-94c4-9f275767fe7d","ENCB-IPN","17","e89b5741-a9de-46c8-9acf-01e785bc36ab",FALSE,"MX",FALSE,"DD",2629249698,"Animalia",1,"es","2023-08-31T06:54:40.190+00:00","2024-01-25T01:47:45.567+00:00","2024-01-25T01:47:45.567+00:00",21.749694,"http://creativecommons.org/licenses/by/4.0/legalcode","El Pujal, río Coy, en el cruce de la carretera a Laredo en el km 442, 12 Km al S del pueblo","3425",NA,-98.957097,"2021-03-19T00:00:00.000+00:00",12,"Fricke, Eschmeyer & van der Laan, 2020",NA,"0",NA,"b86378382b74d3911226de2bf31a0920",NA,"PRESENT","Cyprinodontiformes",547,NA,"Escuela Nacional de Ciencias Biológicas, Instituto Politécnico Nacional","Xiphophorus","Chordata",44,"Formol al 10%","SNIB-LI038-LI0381806F_SIB2018.10.02-ND","EML","LATIN_AMERICA","MX","ff90b050-c256-11db-b71b-b8a03c50a862","Álvarez del Villar, J.",NA,"Comisión Nacional para el Conocimiento y Uso de la Biodiversidad (CONABIO)",NA,"Xiphophorus pygmaeus Hubbs & Gordon, 1943","161602",NA,"Xiphophorus pygmaeus",2350195,"pygmaeus",342,NA,"73770584c2da720fbb9d894be96e3986",2350195,"ACCEPTED","SPECIES",NA,"Event",NA,"grados minutos segundos",NA,NA,NA,"espada pigmea delgada, pygmy swordtail, livebearers, espada pigmea delgada, espada pigmeo delgado",NA,1945,2024-08-29
"185",NA,"Xiphophorus pygmaeus Hubbs & Gordon, 1943",2350195,NA,"San Luis Potosi",NA,NA,NA,"PRESERVED_SPECIMEN",NA,"196924","Arroyo between Rio Axtla and Rio Moctezuma, San Luis Potosi, Mexico, NORTH_AMERICA","ummz_fish",NA,"63bd995d-b48c-425d-bb55-04ce8477116d","NORTH_AMERICA",NA,NA,"Mexico",341,NA,"59825263-9f89-43a9-8f22-c22a6a53b8fc","Fish",NA,25,NA,NA,NA,NA,NA,NA,85,NA,"1940-03-25",NA,NA,"Poeciliidae",7659,"Z196924","Mexico","1889098514","LATIN_AMERICA","Xiphophorus","Xiphophorus",2350152,"WGS84",NA,NA,NA,NA,NA,NA,NA,NA,NA,"a5486e02-d249-4809-9273-deac47fb11e0",NA,NA,NA,NA,NA,"b1de139b-1370-44d5-be69-79ed42cf523c",NA,"cfbb523a-883c-48db-8258-dcfe32b11d64","UMMZ",NA,"2a508411-2acd-45df-8a8b-00094ac65f87",TRUE,"MX",FALSE,"DD",1889098514,"Animalia",1,NA,"2024-08-01T04:03:06.649+00:00","2024-08-01T04:08:12.344+00:00","2024-08-01T04:08:12.344+00:00",21.366667,"http://creativecommons.org/licenses/by/4.0/legalcode","Arroyo between Rio Axtla and Rio Moctezuma",NA,"Orig. No.:  84",-98.833333,NA,3,NA,NA,NA,NA,"b1de139b-1370-44d5-be69-79ed42cf523c","Marvel Parrington","PRESENT","Cyprinodontiformes",547,NA,NA,NA,"Chordata",44,"EtOH - 1",NA,"EML","NORTH_AMERICA","US","6ea87510-0561-11d8-b851-b8a03c50a862","NY Aquarium Exped.",NA,NA,NA,"Xiphophorus pygmaeus Hubbs & Gordon, 1943",NA,NA,"Xiphophorus pygmaeus",2350195,"pygmaeus",85,NA,NA,2350195,"ACCEPTED","SPECIES","Adult female.  D 11.",NA,"PARATYPE",NA,NA,NA,NA,NA,NA,1940,2024-08-29
"187",NA,"Xiphophorus pygmaeus Hubbs & Gordon, 1943",2350195,NA,"San Luis Potosi",NA,NA,NA,"PRESERVED_SPECIMEN",NA,"124366","Rio Axtla at Axtla, Rio Panuco drainage, San Luis Potosi, Mexico, NORTH_AMERICA","ummz_fish",NA,"63bd995d-b48c-425d-bb55-04ce8477116d","NORTH_AMERICA",NA,NA,"Mexico",341,NA,"59825263-9f89-43a9-8f22-c22a6a53b8fc","Fish",NA,14,NA,NA,NA,NA,NA,NA,104,NA,"1939-04-14",NA,NA,"Poeciliidae",7659,"G&A39-61","Mexico","1889028421","LATIN_AMERICA","Xiphophorus","Xiphophorus",2350152,"WGS84",NA,NA,NA,NA,NA,NA,NA,NA,NA,"a5486e02-d249-4809-9273-deac47fb11e0",NA,NA,NA,NA,NA,"23b3e735-a31f-43fe-81dc-b3b70fb8debe",NA,"cfbb523a-883c-48db-8258-dcfe32b11d64","UMMZ",NA,"2a508411-2acd-45df-8a8b-00094ac65f87",TRUE,"MX",FALSE,"DD",1889028421,"Animalia",1,NA,"2024-08-01T04:03:06.649+00:00","2024-08-01T04:07:57.824+00:00","2024-08-01T04:07:57.824+00:00",21.416667,"http://creativecommons.org/licenses/by/4.0/legalcode","Rio Axtla at Axtla, Rio Panuco drainage",NA,"Orig.#61, Sta. No.:26i3",-98.833333,NA,4,NA,NA,NA,NA,"23b3e735-a31f-43fe-81dc-b3b70fb8debe","Laura Hubbs","PRESENT","Cyprinodontiformes",547,NA,NA,NA,"Chordata",44,"C&S - 5|EtOH - 163",NA,"EML","NORTH_AMERICA","US","6ea87510-0561-11d8-b851-b8a03c50a862","Gordon and party",NA,NA,"seine","Xiphophorus pygmaeus Hubbs & Gordon, 1943",NA,NA,"Xiphophorus pygmaeus",2350195,"pygmaeus",104,NA,NA,2350195,"ACCEPTED","SPECIES","Large young - mature adults (males & females). See cat. card for counts.",NA,"PARATYPE",NA,NA,NA,NA,NA,NA,1939,2024-08-29
"192",NA,"Xiphophorus pygmaeus Hubbs & Gordon, 1943",2350195,NA,NA,NA,NA,NA,"PRESERVED_SPECIMEN",NA,"ZMA.PISC.109800","Rio Axtla at Axtla ; San Luis Potosi, Mexico, NORTH_AMERICA","Pisces",NA,NA,"NORTH_AMERICA",NA,NA,"Mexico",362,NA,"19828488-7ebf-43f8-88af-6461d8afef9e",NA,NA,14,NA,NA,NA,NA,NA,NA,104,NA,"1939-04-14",NA,NA,"Poeciliidae",7659,NA,"Mexico","2432796441","LATIN_AMERICA","Xiphophorus","Xiphophorus",2350152,"WGS84",NA,NA,NA,NA,NA,NA,NA,"Animalia|Pisces|Poeciliidae",NA,"396d5f30-dea9-11db-8ab4-b8a03c50a862",NA,NA,NA,NA,"Hubbs C.L. & Gordon M.","ZMA.PISC.109800@CRS",5,"65eb93af-41b8-4917-a5fc-cfe2a45aa4bf",NA,"https://ror.org/0566bfb96","0e919a55-08d3-4bd2-aec1-200858fafd92",TRUE,"MX",FALSE,"DD",2432796441,"Animalia",1,NA,"2024-08-26T19:57:12.779+00:00","2024-08-26T19:58:25.590+00:00","2024-08-26T19:58:25.590+00:00",22.166667,"http://creativecommons.org/publicdomain/zero/1.0/legalcode","Rio Axtla at Axtla ; San Luis Potosi",NA,NA,-101,"2018-11-20T00:00:00.000+00:00",4,NA,NA,NA,"ICZN","https://data.biodiversitydata.nl/naturalis/specimen/ZMA.PISC.109800",NA,"PRESENT","Cyprinodontiformes",547,NA,NA,NA,"Chordata",44,"(alcohol)",NA,"DWC_ARCHIVE","EUROPE","NL","396d5f30-dea9-11db-8ab4-b8a03c50a862","M. Gordon",NA,"Naturalis Biodiversity Center",NA,"Xiphophorus pygmaeus Hubbs & Gordon, 1943",NA,"MALE","Xiphophorus pygmaeus",2350195,"pygmaeus",104,NA,NA,2350195,"ACCEPTED","SPECIES",NA,NA,"PARATYPE",NA,NA,"14-4-1939",NA,NA,NA,1939,2024-08-29
"207",NA,"Xiphophorus pygmaeus Hubbs & Gordon, 1943",2350195,NA,"San Luis Potosi",NA,NA,NA,"PRESERVED_SPECIMEN",NA,"000078409","Rio Huichihuayan of the Rio Axtla, San Luis Potosi, Mexico, NORTH_AMERICA","Ichthyology Collection",NA,NA,"NORTH_AMERICA",NA,12180,"Mexico",457,NA,"6080b6cc-1c24-41ff-ad7f-0ebe7b56f311",NA,NA,NA,NA,NA,NA,NA,NA,NA,NA,NA,NA,"No date given",NA,"Poeciliidae",7659,"z78409","Mexico","4538849766","LATIN_AMERICA","Xiphophorus","Xiphophorus",2350152,"WGS84",NA,NA,NA,NA,NA,NA,NA,NA,"San Luis Potosi, Mexico","3c6ad080-bdbe-11da-ac59-b8a03c50a862",NA,NA,NA,NA,"Cohen, Adam","f8fcc584-3687-4e22-a3af-626495e65748",NA,"db7e3f20-3966-4c50-b747-4dfc7b3d3874","TNHC",NA,"c8e1cb04-01ef-4804-a716-11ef204cf41b",FALSE,"MX",FALSE,"DD",4538849766,"Animalia",1,NA,"2024-08-26T07:01:28.024+00:00","2024-08-26T07:02:07.758+00:00","2024-08-26T07:02:07.758+00:00",21.433364,"http://creativecommons.org/publicdomain/zero/1.0/legalcode","Rio Huichihuayan of the Rio Axtla",NA,NA,-98.878994,NA,NA,NA,NA,NA,NA,"f8fcc584-3687-4e22-a3af-626495e65748",NA,"PRESENT","Cyprinodontiformes",547,NA,NA,NA,"Chordata",44,"Fluid","TNHC","EML","NORTH_AMERICA","US","3c6ad080-bdbe-11da-ac59-b8a03c50a862","Michael Ryan",NA,NA,NA,"Xiphophorus pygmaeus Hubbs & Gordon, 1943",NA,NA,"Xiphophorus pygmaeus",2350195,"pygmaeus",NA,NA,NA,2350195,"ACCEPTED","SPECIES",NA,NA,NA,NA,NA,NA,NA,NA,NA,NA,2024-08-29
